peptide_phosphosite,Protein Descriptions,PC9,Erl,R428,Erl/R428,Erl+HGF,Erl+FGF,Erl+IGF,KO Erl,KO R428,KO Erl/R428
iADPEHDHTGFLTEyVATR-1,Mitogen-activated protein kinase 3 OS=Homo sapiens GN=MAPK3 PE=1 SV=4 - [MK03_HUMAN],1,0.043210822,0.055621882,0.035831205,0.974720348,0.161508504,0.064352552,0.039326078,0.061230471,0.04540029
vADPDHDHTGFLTEyVATR-1,Mitogen-activated protein kinase 1 OS=Homo sapiens GN=MAPK1 PE=1 SV=3 - [MK01_HUMAN],1,0.042508148,0.091157286,0.04496192,1.629178863,0.203681528,0.100919409,0.038097935,0.061496854,0.047861095
sSGSGSSVADERVDyVVVDQQk-0,GRB2-associated-binding protein 1 OS=Homo sapiens GN=GAB1 PE=1 SV=2 - [GAB1_HUMAN],1,0.130910567,0.10706639,0.070700655,0.989362193,0.148914934,0.189018166,0.064233193,0.189245504,0.087541435
iADPEHDHTGFLTEyVATR-0,Mitogen-activated protein kinase 3 OS=Homo sapiens GN=MAPK3 PE=1 SV=4 - [MK03_HUMAN],1,0.0931441,0.119174254,0.106370093,0.8692297,0.187474934,0.146604242,0.106026314,0.134054594,0.120174972
vADPDHDHTGFLtEyVATR-0,Mitogen-activated protein kinase 1 OS=Homo sapiens GN=MAPK1 PE=1 SV=3 - [MK01_HUMAN],1,0.099673355,0.133537636,0.114809257,1.067598755,0.178734533,0.160885682,0.104969981,0.147968014,0.121728893
dASSQDcyDIPR-0,GRB2-associated-binding protein 1 OS=Homo sapiens GN=GAB1 PE=1 SV=2 - [GAB1_HUMAN],1,0.720668565,0.216462235,0.289250356,3.029269166,0.752175955,0.630049475,0.156333896,0.490599081,0.280808739
eLFDDPSyVNVQNLDk-0,SHC-transforming protein 1 OS=Homo sapiens GN=SHC1 PE=1 SV=4 - [SHC1_HUMAN],1,0.074493934,0.217068359,0.069101246,0.17104126,0.073179893,0.124596991,0.090715515,0.776697492,0.133799059
gDkQVEyLDLDLDSGk-0,GRB2-associated-binding protein 1 OS=Homo sapiens GN=GAB1 PE=1 SV=2 - [GAB1_HUMAN],1,0.125724287,0.230674718,0.153116723,1.080345105,0.154691935,0.21542753,0.152242606,0.34911356,0.210330932
kDASSQDcyDIPR-0,GRB2-associated-binding protein 1 OS=Homo sapiens GN=GAB1 PE=1 SV=2 - [GAB1_HUMAN],1,0.622036696,0.284758791,0.211962725,2.996291292,0.742054808,0.550406578,0.208662879,0.546010177,0.388063035
rTEELIyLSQk-0,Rho guanine nucleotide exchange factor 5 OS=Homo sapiens GN=ARHGEF5 PE=1 SV=3 - [ARHG5_HUMAN],1,0.300025853,0.363525129,1.007122229,0.927386636,0.461756693,1.43595582,0.522725454,1.459453388,0.877334436
hELQANcyEEVkDR-0,Cofilin-1 OS=Homo sapiens GN=CFL1 PE=1 SV=3 - [COF1_HUMAN],1,0.25867711,0.373253699,0.310678394,0.497899354,0.442942754,0.726872149,0.357317661,0.587311299,0.431133719
fIHQQPQSSsPVyGSSAk-0,Paxillin OS=Homo sapiens GN=PXN PE=1 SV=3 - [PAXI_HUMAN],1,0.392899288,0.39770412,0.427981753,0.522000087,0.447369806,0.666049131,0.500342374,0.758205581,0.671543474
sLDNNySTPNER-0,Catenin delta-1 OS=Homo sapiens GN=CTNND1 PE=1 SV=1 - [CTND1_HUMAN],1,0.791905634,0.42294763,0.269136826,0.379445638,0.560417718,0.580251512,0.201996338,0.344628919,0.205814105
eTkDTDIVDEAIyYFk-0,Actin-related protein 2/3 complex subunit 3 OS=Homo sapiens GN=ARPC3 PE=1 SV=3 - [ARPC3_HUMAN],1,0.441056958,0.465184767,0.597785448,0.535226731,0.460014086,0.760154273,0.668727027,0.890236461,0.719858384
eRDyAEIQDFHR-0,Partitioning defective 3 homolog OS=Homo sapiens GN=PARD3 PE=1 SV=2 - [PARD3_HUMAN],1,1.201187254,0.474343617,0.384659088,0.420379502,0.363236167,0.408227554,0.220260781,0.344472863,0.23405477
vEGDNIyVR-0,Band 4.1-like protein 2 OS=Homo sapiens GN=EPB41L2 PE=1 SV=1 - [E41L2_HUMAN],1,1.297767848,0.494097398,0.372161518,0.693662543,0.859565665,0.808547289,0.220083587,0.357654012,0.226628437
sWMDDYDyVHLQGkEEFER-0,Enhancer of filamentation 1 OS=Homo sapiens GN=NEDD9 PE=1 SV=1 - [CASL_HUMAN],1,0.822170907,0.5026723,0.768094978,0.521576627,0.681823046,0.510474988,1.51310132,1.387609996,1.067641782
rAQIPEGDyLSYR-0,Protein LAP2 OS=Homo sapiens GN=ERBB2IP PE=1 SV=2 - [LAP2_HUMAN],1,0.962310574,0.511087241,0.667102086,0.769002821,0.837248718,1.126674701,0.559398396,0.799893611,0.506440157
vVQEYIDAFSDyANFk-1,Receptor-type tyrosine-protein phosphatase alpha OS=Homo sapiens OX=9606 GN=PTPRA PE=1 SV=3 - [PTPRA_HUMAN],1,0.700821162,0.544075787,0.750909103,0.657615638,1.045917327,1.055574259,0.778516416,1.070976832,0.889613577
aNPQERDGVyDVPLHNPPDAk-0,Enhancer of filamentation 1 OS=Homo sapiens GN=NEDD9 PE=1 SV=1 - [CASL_HUMAN],1,0.766739042,0.548847178,0.794178895,0.559898556,0.922043928,0.589969707,1.681956433,1.694243254,1.486987544
eAEAAIyHLQLFEELRR-0,Pyruvate kinase PKM OS=Homo sapiens GN=PKM PE=1 SV=4 - [KPYM_HUMAN],1,0.456912595,0.552657264,0.473841779,0.729302036,0.594501653,1.071601218,0.753560753,1.484758182,0.695872396
yVLcPSTTPSPAQPADR-0,Tyrosine-protein kinase receptor UFO OS=Homo sapiens OX=9606 GN=AXL PE=1 SV=4 - [UFO_HUMAN],1,1.285279153,0.566884388,0.624716718,1.182767288,1.460290057,1.570300007,0.319097551,0.373690738,0.299368263
aLPQNDDHyVMQEHR-0,Activated CDC42 kinase 1 OS=Homo sapiens GN=TNK2 PE=1 SV=3 - [ACK1_HUMAN],1,0.93031691,0.569632807,1.463928809,1.787731835,2.228001733,2.578416095,1.053446067,1.992661301,1.700017112
eEDEHPyELLLTAETk-0,Ankyrin repeat and SAM domain-containing protein 1A OS=Homo sapiens GN=ANKS1A PE=1 SV=4 - [ANS1A_HUMAN],1,0.81595843,0.579177507,0.960946744,0.685755736,0.375649268,0.473859325,1.646979567,1.316939811,0.914793136
eYMESLQLkPGEVIyk-0,Palmitoyltransferase ZDHHC7 OS=Homo sapiens GN=ZDHHC7 PE=2 SV=2 - [ZDHC7_HUMAN],1,0.443717362,0.580654633,0.478945393,0.423999028,0.451127556,0.411094268,0.27174157,0.610772483,0.297715641
sLLEGQEDHyNNLSASk-0,"Keratin, type I cytoskeletal 19 OS=Homo sapiens GN=KRT19 PE=1 SV=4 - [K1C19_HUMAN]",1,0.596707877,0.59002915,0.528114434,0.541216955,0.784678612,0.814505575,0.737535021,0.78825822,0.594307437
gSHQISLDNPDyQQDFFPk-0,Epidermal growth factor receptor OS=Homo sapiens GN=EGFR PE=1 SV=2 - [EGFR_HUMAN],1,0.044886933,0.592882791,0.056099154,0.081461844,0.051802092,0.074460333,0.06768054,0.570478657,0.096459352
lSSARPGGLGSSsLyGLGASRPR-0,"Keratin, type II cytoskeletal 7 OS=Homo sapiens GN=KRT7 PE=1 SV=5 - [K2C7_HUMAN]",1,0.7970607,0.594760463,0.857446102,0.799381579,0.651266233,0.936415458,0.884358776,1.004976929,0.853978882
tLEPVkPPTVPNDyMTSPAR-0,Abl interactor 1 OS=Homo sapiens GN=ABI1 PE=1 SV=4 - [ABI1_HUMAN],1,0.865857355,0.598360195,1.49129395,1.437483181,1.736941859,2.601505941,1.806204093,2.286491159,2.071605348
vANPSGNLTETyVQDR-0,Filamin-A OS=Homo sapiens GN=FLNA PE=1 SV=4 - [FLNA_HUMAN],1,0.722038526,0.59994467,0.770239426,0.818678975,0.703638947,0.891806507,0.430991077,0.611174182,0.660338167
tGHGYVyEYPSR-0,Enhancer of filamentation 1 OS=Homo sapiens GN=NEDD9 PE=1 SV=1 - [CASL_HUMAN],1,0.649778848,0.601700469,0.607142048,0.513480031,0.600121705,0.462985898,0.653051684,0.6566701,0.620296226
aQIPEGDyLSYR-0,Protein LAP2 OS=Homo sapiens GN=ERBB2IP PE=1 SV=2 - [LAP2_HUMAN],1,0.871669364,0.622524256,0.61867822,0.690459728,0.742720478,0.976475683,0.56579578,0.763484827,0.514206262
iRPGEyEQFESTIGFk-0,Band 4.1-like protein 1 OS=Homo sapiens GN=EPB41L1 PE=1 SV=2 - [E41L1_HUMAN],1,1.047149044,0.636744993,1.155347027,1.157692755,1.259415121,2.05182631,1.002817724,1.140214304,0.930123049
rVPNAyDkTALALEVGELVk-0,Adapter molecule crk OS=Homo sapiens GN=CRK PE=1 SV=2 - [CRK_HUMAN],1,0.763785906,0.638555113,0.640758079,0.700971083,0.725113584,0.522736443,1.106535469,1.074967827,0.878364697
hYEDGYPGGsDNYGSLSR-0,Catenin delta-1 OS=Homo sapiens GN=CTNND1 PE=1 SV=1 - [CTND1_HUMAN],1,0.65780664,0.63865792,0.763233731,0.634728827,0.622674528,0.830873073,0.557451281,0.855695732,0.635728114
tTAVEIDyDSLk-0,FYN-binding protein OS=Homo sapiens GN=FYB PE=1 SV=2 - [FYB_HUMAN],1,0.710539511,0.639660326,1.095733322,0.839565324,0.708337971,1.094425153,1.627385288,1.892688637,1.142487643
vVQEYIDAFSDyANFk-0,Receptor-type tyrosine-protein phosphatase alpha OS=Homo sapiens OX=9606 GN=PTPRA PE=1 SV=3 - [PTPRA_HUMAN],1,0.819979338,0.644370028,0.733140649,0.734845801,1.095805639,1.198885958,0.843996506,1.1626036,0.909363298
vPNAyDkTALALEVGELVk-0,Adapter molecule crk OS=Homo sapiens GN=CRK PE=1 SV=2 - [CRK_HUMAN],1,0.812629541,0.64445154,0.618974922,0.726147769,0.750135183,0.586796647,1.042706684,1.059417913,0.799123261
nMGGPyGGGNYGPGGSGGSGGYGGR-0,Heterogeneous nuclear ribonucleoproteins A2/B1 OS=Homo sapiens GN=HNRNPA2B1 PE=1 SV=2 - [ROA2_HUMAN],1,0.652888463,0.646566068,0.835561884,1.350914394,0.497042397,1.120487672,1.19980258,1.230822803,1.230184291
nDSDPTyGQQGHPNTWk-0,Lipoma-preferred partner OS=Homo sapiens GN=LPP PE=1 SV=1 - [LPP_HUMAN],1,0.773678697,0.647057708,0.784437191,0.641222794,0.782655193,0.89576557,0.828533972,0.706154429,0.965614888
dTDIVDEAIyYFk-0,Actin-related protein 2/3 complex subunit 3 OS=Homo sapiens GN=ARPC3 PE=1 SV=3 - [ARPC3_HUMAN],1,0.451356456,0.651814441,0.665106711,0.630190348,0.442865189,0.973120503,0.542724009,0.940219637,0.74842917
nEEENIYsVPHDSTQGk-0,Rho GTPase-activating protein 35 OS=Homo sapiens GN=ARHGAP35 PE=1 SV=3 - [RHG35_HUMAN],1,0.871309402,0.655825102,0.94354978,1.072091955,0.921337586,1.316392963,1.071353625,1.03646025,0.979383264
dGVyDVPLHNPPDAk-0,Enhancer of filamentation 1 OS=Homo sapiens GN=NEDD9 PE=1 SV=1 - [CASL_HUMAN],1,0.850014547,0.657634942,1.065407379,0.865363214,0.847112869,0.956915299,1.33255953,1.708958656,1.709603567
gySFTTTAER-0,"Actin, cytoplasmic 1 OS=Homo sapiens GN=ACTB PE=1 SV=1 - [ACTB_HUMAN]",1,0.553815261,0.658145257,0.503414388,0.529337163,0.488652932,0.633747594,0.469375276,0.678991225,0.576442982
aITNNQyEIV-0,Tetraspanin-6 OS=Homo sapiens GN=TSPAN6 PE=1 SV=1 - [TSN6_HUMAN],1,0.367198357,0.659831882,0.461790193,0.495283059,0.329072253,0.395433297,0.379380685,0.771366459,0.510804364
aYSQEEITQGFEETGDTLYAPySTHFQLQNQPPQk-0,Retinoic acid-induced protein 3 OS=Homo sapiens GN=GPRC5A PE=1 SV=2 - [RAI3_HUMAN],1,0.724310941,0.660089053,0.639385202,0.607600127,0.669585425,0.6808414,0.985009408,1.385280894,1.109533237
dySTLTSVSSHDSR-0,Integrin beta-4 OS=Homo sapiens GN=ITGB4 PE=1 SV=5 - [ITB4_HUMAN],1,0.545177165,0.660671091,0.585092988,1.021305247,0.656954133,0.73134652,0.258086756,0.970551763,0.451062049
vSAQyLSEIEMAk-0,Flotillin-1 OS=Homo sapiens GN=FLOT1 PE=1 SV=3 - [FLOT1_HUMAN],1,0.73654692,0.670504614,0.756754874,0.695881157,0.77983676,0.763074199,0.531119502,0.762974448,0.795888597
dYNIANtV-0,E3 ubiquitin-protein ligase RNF13 OS=Homo sapiens GN=RNF13 PE=1 SV=1 - [RNF13_HUMAN],1,0.760544644,0.672127466,0.801895,0.907579492,0.560958482,0.834714891,0.72837865,1.081398693,0.897047184
yIEDEDYykASVTR-0,Protein-tyrosine kinase 2-beta OS=Homo sapiens GN=PTK2B PE=1 SV=2 - [FAK2_HUMAN],1,0.696387884,0.672694879,0.927637016,0.627009505,1.068325854,1.157601137,0.722521581,1.13704022,1.324143814
sTFSTNyR-0,"Keratin, type I cytoskeletal 18 OS=Homo sapiens GN=KRT18 PE=1 SV=2 - [K1C18_HUMAN]",1,0.703810344,0.672912744,0.561363789,0.810527626,0.585662351,0.637287334,0.824412644,0.831333324,0.720531447
aQyDELAR-0,"Keratin, type I cytoskeletal 18 OS=Homo sapiens GN=KRT18 PE=1 SV=2 - [K1C18_HUMAN]",1,0.69587771,0.674715921,0.542770527,0.546034068,0.441055604,0.444559159,0.497933596,0.485125321,0.44165578
vGEEEHVySFPNk-1,Paxillin OS=Homo sapiens GN=PXN PE=1 SV=3 - [PAXI_HUMAN],1,0.978804507,0.677058944,0.737248194,0.433764759,0.790411919,0.572733318,0.605418392,0.725411775,0.769018825
qVEELyHSLLELGEk-0,"Spectrin alpha chain, non-erythrocytic 1 OS=Homo sapiens GN=SPTAN1 PE=1 SV=3 - [SPTN1_HUMAN]",1,0.846811675,0.677846659,0.70205994,0.790028303,0.926263098,0.846121336,0.804106253,0.94504583,0.982866279
vQPNEAVyTk-0,Glucose-6-phosphate 1-dehydrogenase OS=Homo sapiens GN=G6PD PE=1 SV=4 - [G6PD_HUMAN],1,0.858017405,0.679708812,0.707134058,0.757666089,0.745355498,0.859887231,0.885833707,1.046095364,1.017874898
vAQQPLSLVGcEVVPDPSPDHLYsFR-0,Actin filament-associated protein 1-like 2 OS=Homo sapiens GN=AFAP1L2 PE=1 SV=1 - [AF1L2_HUMAN],1,0.614920266,0.682756637,0.696108418,0.839844359,0.765799325,0.956912931,0.787055574,0.84888315,0.761739608
yAGSALQYEDVSTAVQNLQk-0,Vacuolar protein sorting-associated protein VTA1 homolog OS=Homo sapiens GN=VTA1 PE=1 SV=1 - [VTA1_HUMAN],1,0.640407899,0.686689787,0.614905306,0.738856805,0.745979463,0.696894801,0.660885306,0.722684647,0.680776681
aYSQEEITQGFEETGDtLYAPYSTHFQLQNQPPQk-1,Retinoic acid-induced protein 3 OS=Homo sapiens GN=GPRC5A PE=1 SV=2 - [RAI3_HUMAN],1,0.775749685,0.691742014,0.693797169,0.691578328,0.82321522,0.802911304,1.178480627,1.592797708,1.281476052
gPVFSVPVGEIkPQGVyDIPPTk-0,Enhancer of filamentation 1 OS=Homo sapiens GN=NEDD9 PE=1 SV=1 - [CASL_HUMAN],1,0.859520078,0.692579158,0.867654221,0.584414546,0.874781462,0.552128336,0.997127554,1.035503085,0.990603029
sSSSDEEyIYMNk-0,Actin filament-associated protein 1-like 2 OS=Homo sapiens GN=AFAP1L2 PE=1 SV=1 - [AF1L2_HUMAN],1,0.738218118,0.693608209,0.847585703,1.069562172,0.753466795,0.824786834,1.141307061,1.32395193,1.23539065
aEFAEyASVDR-0,Phosphoprotein associated with glycosphingolipid-enriched microdomains 1 OS=Homo sapiens GN=PAG1 PE=1 SV=2 - [PHAG1_HUMAN],1,0.739908887,0.695257866,0.642625355,0.643503044,0.700750623,0.67279484,0.442651129,0.6472163,0.575291777
gIVVyTGDR-0,Sodium/potassium-transporting ATPase subunit alpha-1 OS=Homo sapiens GN=ATP1A1 PE=1 SV=1 - [AT1A1_HUMAN],1,0.880889054,0.699525124,0.512166913,0.524023844,0.639722314,0.654375231,0.418071807,0.37714397,0.366102763
lQDEANyHLYGSR-0,Receptor-interacting serine/threonine-protein kinase 1 OS=Homo sapiens GN=RIPK1 PE=1 SV=3 - [RIPK1_HUMAN],1,0.710479126,0.703051761,0.408664042,0.613757823,0.681162016,0.998074044,0.645170134,0.845214498,0.570436773
lVSSPccIVTSTyGWTANMER-0,Heat shock protein HSP 90-beta OS=Homo sapiens GN=HSP90AB1 PE=1 SV=4 - [HS90B_HUMAN],1,0.704465859,0.708892588,0.981093962,0.88859243,0.961887051,1.046240266,0.981532886,1.162020736,1.05640195
kLSLGQyDNDAGGQLPFSk-1,Tensin-3 OS=Homo sapiens GN=TNS3 PE=1 SV=2 - [TENS3_HUMAN],1,0.854587037,0.715170614,0.764217324,0.702070953,0.999883847,0.875658771,0.829778559,0.833661806,0.728852313
aAVPSGASTGIyEALELR-0,Alpha-enolase OS=Homo sapiens GN=ENO1 PE=1 SV=2 - [ENOA_HUMAN],1,0.644740775,0.71687709,0.726012949,0.790789317,0.670080054,0.924130739,0.726818707,0.845551894,0.708647088
vHSPSGALEEcyVTEIDQDkYAVR-0,Filamin-A OS=Homo sapiens GN=FLNA PE=1 SV=4 - [FLNA_HUMAN],1,0.882110244,0.720876015,0.7207379,1.044312753,0.85901285,1.042722673,0.597514458,0.779167379,0.89081528
yALyDATYETk-0,Cofilin-1 OS=Homo sapiens GN=CFL1 PE=1 SV=3 - [COF1_HUMAN],1,0.677161341,0.726369635,0.825188273,0.677350727,0.692950423,0.944503347,0.879530222,0.964041077,0.794739574
lIEDNEyTAR-0,Tyrosine-protein kinase Lck OS=Homo sapiens GN=LCK PE=1 SV=6 - [LCK_HUMAN]|Tyrosine-protein kinase Fyn OS=Homo sapiens GN=FYN PE=1 SV=3 - [FYN_HUMAN]|Tyrosine-protein kinase Yes OS=Homo sapiens GN=YES1 PE=1 SV=3 - [YES_HUMAN],1,0.761906286,0.730674692,0.851902678,0.582614875,1.01752983,1.181135378,0.7481543,1.050525227,1.180948991
dIYETDyYR-0,Insulin-like growth factor 1 receptor OS=Homo sapiens GN=IGF1R PE=1 SV=1 - [IGF1R_HUMAN],1,1.048600889,0.73126719,1.12089289,0.946313656,1.120910626,6.446253274,1.902353502,1.711446424,1.586068275
rIEyIEAR-0,Protein BRICK1 OS=Homo sapiens GN=BRK1 PE=1 SV=1 - [BRK1_HUMAN],1,0.73296309,0.731989194,0.604138317,0.627220415,0.675661047,0.677539903,0.548982035,0.655833723,0.60443254
aAVPSGASTGIyEALELRDNDk-0,Alpha-enolase OS=Homo sapiens GN=ENO1 PE=1 SV=2 - [ENOA_HUMAN],1,0.823020194,0.736605732,0.725108131,0.788597427,0.959389313,0.86821456,0.959221409,1.008607297,0.906312962
lASyLDk-0,"Keratin, type I cytoskeletal 19 OS=Homo sapiens GN=KRT19 PE=1 SV=4 - [K1C19_HUMAN]",1,0.741233257,0.737132558,0.660204679,0.669469763,0.591541977,0.657029842,0.504663112,0.700286472,0.659832058
aLALGASTVMMGSLLAATTEAPGEyFFSDGIR-0,Inosine-5'-monophosphate dehydrogenase 2 OS=Homo sapiens GN=IMPDH2 PE=1 SV=2 - [IMDH2_HUMAN],1,0.967203673,0.74013028,1.142712792,1.361329823,0.860938498,1.317276944,1.148317387,1.173724918,1.726029713
vIEDNEYtAR-0,Tyrosine-protein kinase Lyn OS=Homo sapiens GN=LYN PE=1 SV=3 - [LYN_HUMAN],1,0.676701488,0.745644458,0.709799646,0.621172814,0.92668715,1.191003865,0.869175438,1.042769812,1.247841799
lSLGQyDNDAGGQLPFSk-1,Tensin-3 OS=Homo sapiens GN=TNS3 PE=1 SV=2 - [TENS3_HUMAN],1,0.782551348,0.74717569,0.77000752,0.78289146,0.885954673,1.023341854,0.865822419,0.906019856,0.795662096
eYDQLyEEYTR-0,Phosphatidylinositol 3-kinase regulatory subunit beta OS=Homo sapiens GN=PIK3R2 PE=1 SV=2 - [P85B_HUMAN],1,0.707026398,0.752900927,0.803918786,0.736160184,0.750753489,0.850083187,0.791325466,0.887059018,0.932797893
aAVPSGAStGIYEALELRDNDkTR-0,Alpha-enolase OS=Homo sapiens GN=ENO1 PE=1 SV=2 - [ENOA_HUMAN],1,0.921738382,0.758189458,0.839633639,0.776150197,1.163229136,0.674600883,0.972944498,1.054233603,0.799915061
tATESFASDPILyRPVAVALDTk-0,Pyruvate kinase PKM OS=Homo sapiens GN=PKM PE=1 SV=4 - [KPYM_HUMAN],1,0.621446885,0.759872446,0.728231141,0.699563753,0.739507033,1.106411637,0.855145308,1.35096317,1.159562942
yGIyAVENEHMNR-0,Vesicle transport through interaction with t-SNAREs homolog 1B OS=Homo sapiens GN=VTI1B PE=1 SV=3 - [VTI1B_HUMAN],1,0.996163929,0.759996894,0.922554207,1.019333182,1.092674121,1.5330002,0.611504657,1.003019921,0.789714643
dQyLMWLTQk-0,Phosphatidylinositol 3-kinase regulatory subunit alpha OS=Homo sapiens GN=PIK3R1 PE=1 SV=2 - [P85A_HUMAN],1,0.913678609,0.764792875,0.903089593,1.008904885,1.077680884,1.145748275,0.247778034,0.223621456,0.278307525
cLEEHyGTSPGQAR-0,Breast cancer anti-estrogen resistance protein 3 OS=Homo sapiens GN=BCAR3 PE=1 SV=1 - [BCAR3_HUMAN],1,0.562928653,0.766767593,0.89808356,0.932313042,0.707500221,0.965328198,0.942704344,1.432868617,1.348402594
qVVESAyEVIk-0,L-lactate dehydrogenase A chain OS=Homo sapiens GN=LDHA PE=1 SV=2 - [LDHA_HUMAN],1,0.753738015,0.768125912,0.7510187,0.742173735,0.807883959,0.912583699,1.138549247,1.442284517,1.239196127
gQMPENPySEVGk-0,SH3 and multiple ankyrin repeat domains protein 2 OS=Homo sapiens GN=SHANK2 PE=1 SV=3 - [SHAN2_HUMAN],1,0.711270845,0.769607628,0.977847108,0.835739938,1.024813297,0.941870667,1.549197788,1.689599598,1.247989398
lSLEGDHSTPPSAyGSVk-0,Annexin A2 OS=Homo sapiens GN=ANXA2 PE=1 SV=2 - [ANXA2_HUMAN],1,0.82007824,0.770290536,0.699197056,0.713147118,1.0181081,0.766613528,0.594679504,0.669659778,0.520555553
ySSDPTGALTEDSIDDTFLPVPEyINQSVPk-0,Epidermal growth factor receptor OS=Homo sapiens GN=EGFR PE=1 SV=2 - [EGFR_HUMAN],1,0.057857645,0.772251524,0.087326242,0.120391784,0.079229017,0.142455184,0.089279484,1.194518173,0.120335383
vGEEEHVySFPNk-0,Paxillin OS=Homo sapiens GN=PXN PE=1 SV=3 - [PAXI_HUMAN],1,1.020276226,0.775359802,0.72531961,0.566024008,0.822875833,0.637908661,0.672456871,0.788928789,0.830382937
iyVDDGLISLQVk-0,Pyruvate kinase PKM OS=Homo sapiens GN=PKM PE=1 SV=4 - [KPYM_HUMAN],1,0.74807942,0.777106496,0.941780874,0.859242973,0.863673728,1.142120473,0.711438145,1.012097199,0.855587311
kLSLGQyDNDAGGQLPFSk-0,Tensin-3 OS=Homo sapiens GN=TNS3 PE=1 SV=2 - [TENS3_HUMAN],1,0.911848203,0.777384746,0.774507908,0.784248207,0.997779706,0.896921826,0.92513779,0.90553349,0.79141192
vFDkDGNGyISAAELR-0,Calmodulin OS=Homo sapiens GN=CALM1 PE=1 SV=2 - [CALM_HUMAN],1,0.766851535,0.778166157,0.730455207,1.0932085,0.684467845,0.820751478,1.261003222,1.482683068,1.202664233
aLyDNVPEcAEELAFR-0,Enhancer of filamentation 1 OS=Homo sapiens GN=NEDD9 PE=1 SV=1 - [CASL_HUMAN],1,0.884325376,0.779516359,0.784092898,0.851695711,0.811556717,0.787150896,0.674396641,0.838161637,0.720359427
ekPAQDPLyDVPNASGGQAGGPQRPGR-0,Ras and Rab interactor 1 OS=Homo sapiens GN=RIN1 PE=1 SV=4 - [RIN1_HUMAN],1,0.732710282,0.783460266,1.639881331,1.320442676,1.457228121,2.754131652,1.89447318,3.314236169,2.84669067
mDyVEINIDHk-0,Vigilin OS=Homo sapiens GN=HDLBP PE=1 SV=2 - [VIGLN_HUMAN],1,0.453985045,0.784461078,1.211300351,0.963600643,0.772053518,2.700344963,1.211682395,3.798157913,1.080679187
dNHLHFyQDR-0,Actin filament-associated protein 1-like 2 OS=Homo sapiens GN=AFAP1L2 PE=1 SV=1 - [AF1L2_HUMAN],1,0.919180384,0.785947579,0.657387311,0.795454653,0.807442736,1.086334684,0.60425102,0.664762932,0.717779405
sREYDQLyEEYTR-0,Phosphatidylinositol 3-kinase regulatory subunit beta OS=Homo sapiens GN=PIK3R2 PE=1 SV=2 - [P85B_HUMAN],1,0.741325841,0.787425877,0.621085058,0.939097719,0.855628009,1.012393466,0.88438502,0.795291676,1.017321758
aLDyYMLR-0,Talin-1 OS=Homo sapiens GN=TLN1 PE=1 SV=3 - [TLN1_HUMAN],1,0.625822813,0.791245643,0.894027906,0.889240506,0.731614773,1.150211145,0.865813505,1.353261803,0.872921315
hADAEMTGyVVTR-0,Mitogen-activated protein kinase 13 OS=Homo sapiens GN=MAPK13 PE=1 SV=1 - [MK13_HUMAN],1,0.899866068,0.793554065,1.086903299,1.191767876,0.820744847,1.095085431,1.083175842,1.631722434,1.518759215
lLDIDETEyHADGGkVPIk-0,Receptor tyrosine-protein kinase erbB-2 OS=Homo sapiens GN=ERBB2 PE=1 SV=1 - [ERBB2_HUMAN],1,0.796778028,0.793699081,0.634825851,0.464117176,1.05585793,0.90198054,0.561236713,0.581959531,0.551569962
vPSEGAyDIILPR-0,G-protein coupled receptor family C group 5 member C OS=Homo sapiens GN=GPRC5C PE=1 SV=2 - [GPC5C_HUMAN],1,0.857303618,0.795863248,0.976462562,1.188423746,0.761442078,0.927783492,1.253882139,2.147446158,1.632213841
sLEATDSAFDNPDyWHSR-0,Receptor tyrosine-protein kinase erbB-3 OS=Homo sapiens GN=ERBB3 PE=1 SV=1 - [ERBB3_HUMAN],1,0.410955175,0.799037449,0.547121371,0.609506353,0.363553471,0.52830531,0.469146369,1.47480109,0.552302745
lYDAyELk-0,Annexin A5 OS=Homo sapiens GN=ANXA5 PE=1 SV=2 - [ANXA5_HUMAN],1,0.746616372,0.800290995,0.812251603,0.714217369,0.706567385,0.888029242,0.498145969,0.617106742,0.554731516
qEDAPVVyLGSFR-0,Tyrosine-protein kinase SgK223 OS=Homo sapiens GN=SGK223 PE=1 SV=4 - [SG223_HUMAN],1,0.689305061,0.802823147,0.665008472,0.905112398,0.593594054,0.806688693,0.830460108,0.982032111,0.72044568
tLyDFPGNDAEDLPFk-0,Crk-like protein OS=Homo sapiens GN=CRKL PE=1 SV=1 - [CRKL_HUMAN],1,0.793426037,0.804024098,0.812063913,0.901956773,0.737323043,0.946444728,0.728504329,0.962431228,0.869560344
lyPAAVDTIVAIMAEGk-0,Malignant T-cell-amplified sequence 1 OS=Homo sapiens GN=MCTS1 PE=1 SV=1 - [MCTS1_HUMAN],1,0.959577343,0.809924503,1.077236053,0.820810788,1.109936215,0.804511721,0.792446887,0.891528147,0.743598166
aEDGSVIDyELIDQDAR-0,Annexin A2 OS=Homo sapiens GN=ANXA2 PE=1 SV=2 - [ANXA2_HUMAN],1,0.732798944,0.810103911,0.801877466,0.965409665,0.771625784,0.907293962,0.712197607,0.98953976,0.785205544
sEGTyccGPVPVR-0,Protein-glutamine gamma-glutamyltransferase 2 OS=Homo sapiens GN=TGM2 PE=1 SV=2 - [TGM2_HUMAN],1,0.953492866,0.811902543,0.913912788,0.946511565,0.919357294,1.141545278,1.454352025,1.693128718,1.866186141
lPSSPVyEDAASFk-0,Src substrate cortactin OS=Homo sapiens GN=CTTN PE=1 SV=2 - [SRC8_HUMAN],1,0.858833099,0.816140866,1.307614494,0.834294039,1.353937368,2.419238613,2.10197502,1.962464427,1.468744576
gLLPSQYGQEVyDTPPMAVk-0,Breast cancer anti-estrogen resistance protein 1 OS=Homo sapiens GN=BCAR1 PE=1 SV=2 - [BCAR1_HUMAN],1,0.817961427,0.823237703,1.442892966,0.865038091,1.047572869,1.509288597,1.315869357,1.562256266,1.565050327
eNDyESISDLQQGR-0,Phosphoprotein associated with glycosphingolipid-enriched microdomains 1 OS=Homo sapiens GN=PAG1 PE=1 SV=2 - [PHAG1_HUMAN],1,0.864892981,0.824516213,0.748392957,0.737274403,0.833918224,1.246981018,0.518407459,0.465830223,0.645545918
kLDNGGYyITTR-0,Tyrosine-protein kinase Fyn OS=Homo sapiens GN=FYN PE=1 SV=3 - [FYN_HUMAN]|Tyrosine-protein kinase Yes OS=Homo sapiens GN=YES1 PE=1 SV=3 - [YES_HUMAN],1,1.020757521,0.826609976,0.946284074,0.802204234,1.188987727,1.155675689,0.987078916,0.794420768,0.914598796
sFLDSGyR-0,Vinculin OS=Homo sapiens GN=VCL PE=1 SV=4 - [VINC_HUMAN],1,0.902264184,0.828410749,0.779412232,0.869427827,0.950700421,0.877232284,0.759637279,0.819811902,0.690807574
gSTAENAEyLR-0,Epidermal growth factor receptor OS=Homo sapiens GN=EGFR PE=1 SV=2 - [EGFR_HUMAN],1,0.090234833,0.828649391,0.094412862,0.093507536,0.083731121,0.139664737,0.062591226,0.886036559,0.124754262
dVDAAyMSk-0,"Keratin, type II cytoskeletal 7 OS=Homo sapiens GN=KRT7 PE=1 SV=5 - [K2C7_HUMAN]",1,0.895235448,0.831490509,1.073835316,0.816721403,1.016217012,1.070431324,1.270473199,1.371024601,1.487671788
tLyDFPGNDAEDLPFkk-0,Crk-like protein OS=Homo sapiens GN=CRKL PE=1 SV=1 - [CRKL_HUMAN],1,0.869273928,0.832144673,0.763766953,0.891013301,0.796302024,0.8858434,0.743181537,0.909070013,0.808706315
eEPIyIITEYMAk-0,Tyrosine-protein kinase Lyn OS=Homo sapiens GN=LYN PE=1 SV=3 - [LYN_HUMAN],1,0.934598013,0.833377778,1.107734802,1.00250065,1.165763718,1.531724425,0.914043796,1.058849198,1.034896051
sSTETcySAIPk-0,Filamin-B OS=Homo sapiens GN=FLNB PE=1 SV=2 - [FLNB_HUMAN],1,0.973615962,0.833404209,1.074842485,0.872985453,0.972642029,1.402065754,0.888762982,0.830065841,0.929345928
iIQLLDDyPkcFIVGADNVGSk-0,60S acidic ribosomal protein P0 OS=Homo sapiens GN=RPLP0 PE=1 SV=1 - [RLA0_HUMAN],1,0.991250909,0.83663233,0.918109074,0.797718363,1.177368031,0.840264136,1.064064573,0.846158055,0.914146365
qLIIEDPyYGNDSDFETVYQQcVR-0,Low molecular weight phosphotyrosine protein phosphatase OS=Homo sapiens GN=ACP1 PE=1 SV=3 - [PPAC_HUMAN],1,0.726312794,0.837112633,0.791487229,1.136443273,0.809086503,0.965389925,0.785024491,0.795770722,0.721875324
ayTNFDAERDALNIETAIk-0,Annexin A2 OS=Homo sapiens GN=ANXA2 PE=1 SV=2 - [ANXA2_HUMAN],1,0.593768713,0.837502303,0.633576566,0.765146078,0.786183967,0.802629452,0.570163891,0.957762114,0.60130949
tAcTNFMMtPyVVTR-0,Mitogen-activated protein kinase 9 OS=Homo sapiens GN=MAPK9 PE=1 SV=2 - [MK09_HUMAN],1,0.844019224,0.840265219,1.051903587,1.232271866,0.949387513,1.191503602,1.286929005,2.150477006,1.639887298
eIEyVETVTSR-0,Brain-specific angiogenesis inhibitor 1-associated protein 2-like protein 1 OS=Homo sapiens GN=BAIAP2L1 PE=1 SV=2 - [BI2L1_HUMAN],1,0.72713343,0.840853747,0.8752611,1.10127771,0.546651709,1.104918241,1.169212199,1.345179682,1.38911897
lcyVALDFEQEMATAASSSSLEk-0,"Actin, cytoplasmic 1 OS=Homo sapiens GN=ACTB PE=1 SV=1 - [ACTB_HUMAN]",1,0.830674901,0.841913189,1.140391921,0.974854028,1.009543218,1.163530803,1.053389814,1.346200982,1.22055675
ykyGYEIPVDMLck-0,Proteasome subunit alpha type-6 OS=Homo sapiens GN=PSMA6 PE=1 SV=1 - [PSA6_HUMAN],1,0.851738346,0.843870355,0.91672364,0.866665412,1.06316777,0.920084754,0.651330692,0.662828997,0.575004124
vyAPASTLVDQPYANEGTVVVTER-0,Desmoglein-2 OS=Homo sapiens GN=DSG2 PE=1 SV=2 - [DSG2_HUMAN],1,0.667020586,0.846997508,0.725234566,0.824327958,0.695461752,0.941713975,0.800299559,1.174183308,1.067896672
mVVESAyEVIk-0,L-lactate dehydrogenase B chain OS=Homo sapiens GN=LDHB PE=1 SV=2 - [LDHB_HUMAN],1,0.835362485,0.848676884,0.890622288,0.936862916,1.016260219,1.026069646,1.664450178,1.81913742,1.673565716
sLyYYIQQDTk-0,Annexin A2 OS=Homo sapiens GN=ANXA2 PE=1 SV=2 - [ANXA2_HUMAN],1,0.858512117,0.850124006,0.861598822,0.851882301,0.819000784,0.882071918,0.596274284,0.671157656,0.601388222
qPAPkPEPSFSEyASVQVPR-0,Tyrosine-protein phosphatase non-receptor type substrate 1 OS=Homo sapiens GN=SIRPA PE=1 SV=2 - [SHPS1_HUMAN],1,0.897522803,0.854852379,1.328770603,1.063392848,0.636416845,1.56021648,0.891189764,1.267766917,1.380611274
vIQPHGGGSNPLEGTQHLQDVPyVMVR-0,Desmoglein-2 OS=Homo sapiens GN=DSG2 PE=1 SV=2 - [DSG2_HUMAN],1,0.657500295,0.860270703,0.615529989,0.79117597,0.63499108,0.754718966,0.715388825,0.783275639,0.675888154
rDYEVDGRDyHFVTSR-0,Disks large homolog 1 OS=Homo sapiens GN=DLG1 PE=1 SV=2 - [DLG1_HUMAN],1,1.024710343,0.867405066,0.77888177,0.911726458,0.924381923,0.86599169,0.53239725,0.849758427,0.444149313
ykPAVNQIEcHPyLTQEk-0,Aldose reductase OS=Homo sapiens GN=AKR1B1 PE=1 SV=3 - [ALDR_HUMAN],1,0.879276777,0.869490576,0.892454454,0.717370247,0.934788777,0.89176956,0.813843264,1.021457287,0.906624428
tMQFEPSTMVyDAcR-0,Talin-1 OS=Homo sapiens GN=TLN1 PE=1 SV=3 - [TLN1_HUMAN],1,0.807462822,0.869597506,0.835885114,0.938064367,0.728987408,1.07942692,0.938480166,1.173715027,0.975178742
dYSHyYTTIQDLR-0,"Keratin, type I cytoskeletal 19 OS=Homo sapiens GN=KRT19 PE=1 SV=4 - [K1C19_HUMAN]",1,0.799096611,0.87187823,0.790169107,0.822448862,0.717642463,0.984278162,0.842397242,0.959426086,0.875803697
lLDIDETEyHADGGk-0,Receptor tyrosine-protein kinase erbB-2 OS=Homo sapiens GN=ERBB2 PE=1 SV=1 - [ERBB2_HUMAN],1,0.766875923,0.874712477,0.850142819,0.77202427,0.910440709,0.982643202,0.650591462,0.763749049,0.786017325
qRPYSVAVPAFSQGLDDyGAR-0,Brain-specific angiogenesis inhibitor 1-associated protein 2 OS=Homo sapiens GN=BAIAP2 PE=1 SV=1 - [BAIP2_HUMAN],1,0.805305718,0.875091001,1.079369895,1.018780121,0.863469649,1.182744808,1.365995369,1.866081464,1.694187469
aPVDFGyVGIDSILEQMR-0,Septin-9 OS=Homo sapiens GN=SEPT9 PE=1 SV=2 - [SEPT9_HUMAN],1,0.731342795,0.876408796,1.038511254,1.566125287,0.878413632,0.931336202,1.1811356,1.271001587,1.133786222
kTVTyEDPQAVGGLASALDNR-0,TOM1-like protein 2 OS=Homo sapiens GN=TOM1L2 PE=1 SV=1 - [TM1L2_HUMAN],1,0.79905005,0.880066695,0.970028012,1.027524989,1.059865988,0.987447027,1.018377461,1.028031754,1.204268999
nASTFEDVTQVSSAyQk-0,Src substrate cortactin OS=Homo sapiens GN=CTTN PE=1 SV=2 - [SRC8_HUMAN],1,0.75134636,0.881413572,1.125527378,0.724223877,1.000219242,1.385193487,1.08487575,1.214396534,1.077117873
tTGIVMDSGDGVTHTVPIyEGYALPHAILR-0,"Actin, cytoplasmic 1 OS=Homo sapiens GN=ACTB PE=1 SV=1 - [ACTB_HUMAN]",1,0.760473066,0.882041365,0.872610634,0.979691208,0.865277373,0.928161756,0.839507797,1.06624937,1.061865778
qNVPVINITyDSTPEDVk-0,Epidermal growth factor receptor kinase substrate 8 OS=Homo sapiens GN=EPS8 PE=1 SV=1 - [EPS8_HUMAN],1,0.797762973,0.884138804,0.913625263,0.886720219,0.686285511,0.929768825,0.947451508,1.278390146,1.229742681
eGDPAIyAER-0,Testin OS=Homo sapiens GN=TES PE=1 SV=1 - [TES_HUMAN],1,0.798290931,0.884318456,0.550916433,0.772175243,0.784569439,0.881893301,0.766634182,0.757574027,0.926185634
aVLyADYR-0,Kin of IRRE-like protein 1 OS=Homo sapiens GN=KIRREL PE=1 SV=2 - [KIRR1_HUMAN],1,0.81710883,0.885042135,0.89256363,0.674967146,0.880144094,0.820968542,0.750727126,1.18733027,1.023819662
vyENVGLMQQQk-0,Tyrosine-protein phosphatase non-receptor type 11 OS=Homo sapiens GN=PTPN11 PE=1 SV=2 - [PTN11_HUMAN],1,0.867371046,0.887809405,1.049859475,3.767649353,1.246579335,1.577409389,1.115888373,1.472945234,1.099096934
syELPDGQVITIGNER-0,"Actin, cytoplasmic 1 OS=Homo sapiens GN=ACTB PE=1 SV=1 - [ACTB_HUMAN]",1,0.785728561,0.889556307,0.686822764,0.714725269,0.723045136,0.89663333,0.763174248,0.735653759,0.684937481
sFIkDyPVVSIEDPFDQDDWGAWQk-0,Alpha-enolase OS=Homo sapiens GN=ENO1 PE=1 SV=2 - [ENOA_HUMAN],1,0.948023842,0.897424455,0.911272213,0.844389554,1.020195704,0.80271714,0.519293505,0.543497756,0.546758288
gEPNVsYIcSR-1,Glycogen synthase kinase-3 beta OS=Homo sapiens GN=GSK3B PE=1 SV=2 - [GSK3B_HUMAN],1,0.757346028,0.903244205,1.447673039,1.180470747,1.221874057,1.787722884,1.381036149,1.771851186,1.308695193
aDHQPLTEASyVNLPTIALcNTDSPLR-0,40S ribosomal protein SA OS=Homo sapiens GN=RPSA PE=1 SV=4 - [RSSA_HUMAN],1,0.798705055,0.905703239,1.018050266,0.905525844,0.897986483,1.079521771,1.033409864,1.437988014,1.155201811
iSIEMNGTLEDQLSHLkQyER-0,Alpha-actinin-4 OS=Homo sapiens GN=ACTN4 PE=1 SV=2 - [ACTN4_HUMAN],1,0.837285401,0.910521524,1.094938982,1.033806003,1.037700758,0.755052533,1.227537399,1.152674453,1.125477793
tAGTSFMMtPyVVTR-0,Mitogen-activated protein kinase 8 OS=Homo sapiens GN=MAPK8 PE=1 SV=2 - [MK08_HUMAN],1,0.902663443,0.91254393,0.973018234,1.2820846,0.969268112,1.282380026,1.242432676,2.615107658,2.328816904
tPyEAYDPIGk-0,Kin of IRRE-like protein 1 OS=Homo sapiens GN=KIRREL PE=1 SV=2 - [KIRR1_HUMAN],1,1.016285307,0.913803413,1.007387064,0.740864289,0.810735042,0.827763258,0.776407738,1.084151226,1.014396537
rAEDGSVIDyELIDQDAR-0,Annexin A2 OS=Homo sapiens GN=ANXA2 PE=1 SV=2 - [ANXA2_HUMAN],1,0.571168224,0.919603731,0.709882987,1.467035462,0.705571687,0.99730877,0.632752319,1.017945684,0.740710574
kDLyANTVLSGGTTMYPGIADR-0,"Actin, cytoplasmic 1 OS=Homo sapiens GN=ACTB PE=1 SV=1 - [ACTB_HUMAN]",1,0.893252101,0.923457081,1.053141547,1.078077524,1.092824048,1.148216104,1.182674546,1.309897234,1.206749446
gANDQGASGALSSDLELPENPySQVk-0,Cingulin OS=Homo sapiens GN=CGN PE=1 SV=2 - [CING_HUMAN],1,0.631288336,0.926898238,0.807029201,1.013239762,0.637248329,0.935803543,0.884375116,0.969840453,0.988587936
eSMcSTPAFPVSPETPyVk-0,Tensin-3 OS=Homo sapiens GN=TNS3 PE=1 SV=2 - [TENS3_HUMAN],1,1.104341154,0.927334042,1.075460803,1.087798382,1.018508726,0.757403525,1.073271999,1.058959508,0.942672725
vTASGPGLSSyGVPASLPVDFAIDAR-0,Filamin-B OS=Homo sapiens GN=FLNB PE=1 SV=2 - [FLNB_HUMAN],1,1.105627278,0.931620719,1.079642235,1.230924833,1.015931188,1.362989882,1.024114855,1.20737339,1.201353241
iyIDPFTYEDPNEAVR-0,Ephrin type-B receptor 2 OS=Homo sapiens GN=EPHB2 PE=1 SV=5 - [EPHB2_HUMAN],1,0.850716063,0.935682184,0.824662673,0.913655046,0.81523792,1.052858418,0.503121705,0.612327947,0.575843641
lcDFGSASHVADNDITPyLVSR-0,Serine/threonine-protein kinase PRP4 homolog OS=Homo sapiens GN=PRPF4B PE=1 SV=3 - [PRP4B_HUMAN],1,0.835213914,0.93752388,1.081815796,1.074618775,1.111737631,1.372985585,1.324997392,1.455438,1.250780683
gYTLADEEEDPLIyQHR-0,Serine/threonine-protein kinase mTOR OS=Homo sapiens GN=MTOR PE=1 SV=1 - [MTOR_HUMAN],1,0.870649222,0.937831282,0.683584834,1.277353882,0.768984335,1.076942775,0.709392992,0.858693836,0.768787234
vcEPcyEQLNR-0,Hepatocyte growth factor-regulated tyrosine kinase substrate OS=Homo sapiens GN=HGS PE=1 SV=1 - [HGS_HUMAN],1,1.057583691,0.946350011,0.995616581,1.325585978,1.245163298,1.205177402,1.106530079,1.128604258,1.033453997
qADSEMTGyVVTR-0,Mitogen-activated protein kinase 12 OS=Homo sapiens GN=MAPK12 PE=1 SV=3 - [MK12_HUMAN],1,1.018704248,0.951209198,1.146186012,1.504285704,1.433011529,1.908933868,1.000265563,1.816896501,1.775774037
rPGPGTLyDVPR-0,Breast cancer anti-estrogen resistance protein 1 OS=Homo sapiens GN=BCAR1 PE=1 SV=2 - [BCAR1_HUMAN],1,0.991928032,0.954650841,1.334142612,0.892426664,1.042735494,1.11227735,1.133458813,1.110424087,1.023175237
sGQSLTVPESTyTSIQGDPQR-0,Phosphoprotein associated with glycosphingolipid-enriched microdomains 1 OS=Homo sapiens GN=PAG1 PE=1 SV=2 - [PHAG1_HUMAN],1,0.922244175,0.954988222,0.693136452,0.929601938,0.86502756,1.088685315,0.550126257,0.841517213,0.712831439
gESAGyMEPYEAQR-0,SH2 domain-containing adapter protein B OS=Homo sapiens GN=SHB PE=1 SV=2 - [SHB_HUMAN],1,1.027636623,0.955146386,1.774306266,1.008923267,1.053998831,1.36923972,1.254564969,1.385432799,1.468875748
sFLDSGyR-1,Vinculin OS=Homo sapiens GN=VCL PE=1 SV=4 - [VINC_HUMAN],1,0.933933296,0.96494232,0.854619011,0.826566424,1.023345686,0.955854069,0.789781786,0.782099345,0.824468256
aDyDTLSLR-0,Plakophilin-3 OS=Homo sapiens GN=PKP3 PE=1 SV=1 - [PKP3_HUMAN],1,1.029681029,0.965143867,1.871091201,1.243146661,1.240006225,1.703121039,1.008847314,1.283698798,0.987544009
eQMDNAVyTFETLLHQELGk-0,Niban-like protein 1 OS=Homo sapiens GN=FAM129B PE=1 SV=3 - [NIBL1_HUMAN],1,0.935305369,0.965725234,1.804547842,1.481028755,1.420285588,2.692297173,2.108893509,2.870327755,2.687968448
aLLyLcGGDD-0,Annexin A2 OS=Homo sapiens GN=ANXA2 PE=1 SV=2 - [ANXA2_HUMAN],1,0.957844538,0.965938133,1.06641135,1.138809238,0.967600956,1.086199804,0.925204487,1.041981087,0.782093093
vyESIGQYGGETVk-0,MAGUK p55 subfamily member 5 OS=Homo sapiens GN=MPP5 PE=1 SV=3 - [MPP5_HUMAN],1,1.056058895,0.968834506,1.399124912,1.48132133,1.127635314,1.874756506,1.331996988,1.961608334,1.675629677
lcDFGSASHVADNDITPyLVSR-1,Serine/threonine-protein kinase PRP4 homolog OS=Homo sapiens GN=PRPF4B PE=1 SV=3 - [PRP4B_HUMAN],1,0.825720929,0.969247528,1.215762384,1.070676346,1.132225047,1.437452552,1.45179625,1.592068516,1.259330505
sNMDNMFESyINNLRR-0,"Keratin, type II cytoskeletal 8 OS=Homo sapiens GN=KRT8 PE=1 SV=7 - [K2C8_HUMAN]",1,0.856861621,0.969340116,1.249714051,1.381581707,1.211686156,1.16189314,1.195220642,1.187409153,1.127638313
sYsPYDMLESIR-0,Annexin A2 OS=Homo sapiens GN=ANXA2 PE=1 SV=2 - [ANXA2_HUMAN],1,0.887714255,0.971112395,0.9712962,1.023698254,0.978484515,1.154102746,0.710436289,0.774657532,0.700999747
sRDPHyDDFR-0,Lipolysis-stimulated lipoprotein receptor OS=Homo sapiens GN=LSR PE=1 SV=4 - [LSR_HUMAN],1,0.880716021,0.971831042,1.076674931,0.814742612,1.0049766,0.814762539,0.592100763,0.91873968,0.989910827
dPHLLDPTVEyVk-0,Breast cancer anti-estrogen resistance protein 3 OS=Homo sapiens GN=BCAR3 PE=1 SV=1 - [BCAR3_HUMAN],1,0.814616744,0.973081239,0.964062647,0.943781241,0.774164815,0.951536221,0.877578793,1.191641238,1.004306736
iyQWINELSSPETR-0,Cell differentiation protein RCD1 homolog OS=Homo sapiens GN=RQCD1 PE=1 SV=1 - [RCD1_HUMAN],1,0.735297315,0.97747573,1.159434711,0.978374111,0.636051135,1.137630875,1.099899153,1.244640939,1.104780627
kYPDyIQIAMPTESR-0,Phosphatidylcholine:ceramide cholinephosphotransferase 2 OS=Homo sapiens GN=SGMS2 PE=1 SV=1 - [SMS2_HUMAN],1,0.679635281,0.985982026,0.889090057,0.835504704,0.729322771,0.674426735,0.549644036,1.094862444,0.766425937
yVDSEGHLyTVPIR-0,Caveolin-1 OS=Homo sapiens GN=CAV1 PE=1 SV=4 - [CAV1_HUMAN],1,0.637674086,0.987253583,0.611733654,0.587301336,0.689615046,0.669426268,0.671341149,1.049523959,0.725703199
iTNQVIyLNPPIEEcR-0,Cytoplasmic dynein 1 heavy chain 1 OS=Homo sapiens GN=DYNC1H1 PE=1 SV=5 - [DYHC1_HUMAN],1,0.792240281,0.987990653,1.070527053,1.040526643,1.017366826,0.925236736,0.857423112,0.907089691,0.934102008
fQDGDLTLyQSNTILR-0,Glutathione S-transferase P OS=Homo sapiens GN=GSTP1 PE=1 SV=2 - [GSTP1_HUMAN],1,0.867667752,0.988680918,0.955173766,1.121739528,0.993619784,0.987852151,1.113233716,1.159043955,1.077431081
sYDyDLIIIGGGSGGLAAAk-0,"Thioredoxin reductase 1, cytoplasmic OS=Homo sapiens GN=TXNRD1 PE=1 SV=3 - [TRXR1_HUMAN]",1,0.801045285,0.989579516,0.885080478,0.971559611,0.930930465,1.070511889,1.553924379,1.694281219,1.608738765
aDyDTLSLR-1,Plakophilin-3 OS=Homo sapiens GN=PKP3 PE=1 SV=1 - [PKP3_HUMAN],1,1.102684968,0.992678513,1.934789658,1.242914161,1.319734664,1.656546531,0.80847335,1.248154497,0.788722568
iEyIEAR-0,Protein BRICK1 OS=Homo sapiens GN=BRK1 PE=1 SV=1 - [BRK1_HUMAN],1,0.919282702,0.993469274,0.858600034,1.001830872,0.868356207,0.986553647,0.778798531,0.959594846,0.909543798
kVVYENAyGQFIGPHR-0,"Thioredoxin reductase 1, cytoplasmic OS=Homo sapiens GN=TXNRD1 PE=1 SV=3 - [TRXR1_HUMAN]",1,0.969888954,0.99929102,1.111697919,1.245261018,1.053000979,1.08973512,1.559972157,1.397795237,1.48400644
fGEENIEVYHsYFWPLEWTIPSR-0,"Thioredoxin reductase 1, cytoplasmic OS=Homo sapiens GN=TXNRD1 PE=1 SV=3 - [TRXR1_HUMAN]",1,0.990179274,1.004697864,1.099691179,1.183465313,1.21992239,1.045217577,1.74635255,1.628805878,1.644428882
gLISEEELGASVASLSSENPYAtIR-0,Platelet endothelial aggregation receptor 1 OS=Homo sapiens GN=PEAR1 PE=1 SV=1 - [PEAR1_HUMAN],1,1.165680998,1.006028788,1.007952216,1.251944467,0.912063502,1.32676306,0.960690282,1.185251996,1.087036889
iIQLLDDyPk-0,60S acidic ribosomal protein P0 OS=Homo sapiens GN=RPLP0 PE=1 SV=1 - [RLA0_HUMAN],1,0.909710287,1.006444508,0.938666493,0.949259855,0.819914196,0.958332021,0.630522037,0.726212447,0.636523019
dHVVEGEPyAGYDR-0,Glycosaminoglycan xylosylkinase OS=Homo sapiens GN=FAM20B PE=1 SV=1 - [XYLK_HUMAN],1,0.911287774,1.020501516,1.255650891,1.604801766,1.040684472,1.371173022,0.98083648,0.926096066,1.387443962
eITQDTNDITyADLNLPk-0,Tyrosine-protein phosphatase non-receptor type substrate 1 OS=Homo sapiens GN=SIRPA PE=1 SV=2 - [SHPS1_HUMAN],1,0.757873474,1.02264025,0.928889371,0.805855904,0.93225994,0.955864815,1.145340929,1.398749115,1.287166393
sVLEDFFTAtEGQYQPQP-1,Tyrosine-protein kinase Lck OS=Homo sapiens GN=LCK PE=1 SV=6 - [LCK_HUMAN],1,1.113942216,1.026416361,0.966421367,1.061025134,1.613800496,1.477698465,2.714213962,2.179021507,2.67349821
gEPNVSyIcSR-0,Glycogen synthase kinase-3 beta OS=Homo sapiens GN=GSK3B PE=1 SV=2 - [GSK3B_HUMAN],1,0.936617222,1.030766456,1.578736231,1.433964753,1.427800548,1.6144945,1.340620796,1.822709653,1.774146652
lASyLDR-0,"Keratin, type I cytoskeletal 18 OS=Homo sapiens GN=KRT18 PE=1 SV=2 - [K1C18_HUMAN]",1,1.019133121,1.030907751,0.890888798,1.19972011,0.987721689,1.230154344,0.934706505,1.137858113,1.076616251
hLLAPGPQDIyDVPPVR-0,Breast cancer anti-estrogen resistance protein 1 OS=Homo sapiens GN=BCAR1 PE=1 SV=2 - [BCAR1_HUMAN],1,0.971859461,1.031765597,1.289224769,1.182393112,0.895678154,1.245851627,1.003371032,1.338117642,1.35143245
vLEDDPEAAyTTR-0,Ephrin type-A receptor 3 OS=Homo sapiens GN=EPHA3 PE=1 SV=2 - [EPHA3_HUMAN],1,0.753648024,1.035868537,1.154230338,0.772730845,0.990046478,1.078747859,0.504700103,0.71232736,0.620001807
vGQGYVYEAAQPEQDEyDIPR-0,Breast cancer anti-estrogen resistance protein 1 OS=Homo sapiens GN=BCAR1 PE=1 SV=2 - [BCAR1_HUMAN],1,0.858951644,1.040343506,1.282332958,1.156679197,0.898272343,1.544712542,1.209121502,1.60408484,1.781932796
nVyYELNDVR-0,Sickle tail protein homolog OS=Homo sapiens GN=KIAA1217 PE=1 SV=2 - [SKT_HUMAN],1,0.70026176,1.042306758,0.828560997,1.15479351,0.746115641,1.315401083,1.004738146,1.606199867,1.175530533
hVHLENATEYAtLR-0,Uncharacterized protein C11orf52 OS=Homo sapiens GN=C11orf52 PE=2 SV=2 - [CK052_HUMAN],1,1.340277684,1.044274483,1.226206634,1.321227367,1.30164161,1.754042941,1.317261127,1.553331277,1.208633396
kPTyDPVSEDQDPLSSDFkR-0,Activated CDC42 kinase 1 OS=Homo sapiens GN=TNK2 PE=1 SV=3 - [ACK1_HUMAN],1,0.734941983,1.048619096,1.169978498,1.161713335,1.670892404,1.690079179,0.694763298,1.215718737,1.113593254
sILyDER-0,Proteasome subunit alpha type-2 OS=Homo sapiens GN=PSMA2 PE=1 SV=2 - [PSA2_HUMAN],1,0.889973655,1.050765078,1.070036393,0.954256018,0.964201715,1.02161516,0.925110837,1.091967602,1.156926506
kPTyDPVSEDQDPLSSDFk-0,Activated CDC42 kinase 1 OS=Homo sapiens GN=TNK2 PE=1 SV=3 - [ACK1_HUMAN],1,0.776528019,1.053439767,1.245290363,1.055267128,1.311135536,1.524867921,0.687887538,0.978387423,1.039169803
kIEIGDGAELTAEFLyDEVHPk-0,Twinfilin-2 OS=Homo sapiens GN=TWF2 PE=1 SV=2 - [TWF2_HUMAN],1,0.86057439,1.054155192,6.752482358,3.624980623,2.424104036,7.706273151,5.76045386,11.74119437,6.580165616
sVSPTTEMVSNESVDyR-0,Hepatocyte growth factor receptor OS=Homo sapiens GN=MET PE=1 SV=4 - [MET_HUMAN],1,1.143386661,1.054714477,1.152885751,1.156004704,1.225801503,1.226910732,0.80542741,1.194844061,1.044094327
mLLyTEVTR-0,Rab GDP dissociation inhibitor beta OS=Homo sapiens GN=GDI2 PE=1 SV=2 - [GDIB_HUMAN],1,0.796959951,1.05833306,0.937083162,1.184056479,0.960757864,1.07188001,0.994970981,1.13356083,1.034071911
vLEDDPEAtYTTSGGkIPIR-1,Ephrin type-A receptor 2 OS=Homo sapiens GN=EPHA2 PE=1 SV=2 - [EPHA2_HUMAN],1,0.977145768,1.062674338,1.593513393,0.678888393,1.373338036,0.857913423,1.21860471,1.628437438,1.54200093
nPGNQAAyEHFETMk-0,Vinculin OS=Homo sapiens GN=VCL PE=1 SV=4 - [VINC_HUMAN],1,0.946751021,1.063283304,1.385796421,1.250191216,1.333913262,1.333332547,1.324789983,1.375543699,1.352128883
fGHLGLAINLITyDDRFNLk-0,Probable ATP-dependent RNA helicase DDX6 OS=Homo sapiens GN=DDX6 PE=1 SV=2 - [DDX6_HUMAN],1,1.161403575,1.065310183,1.320560611,1.280520858,1.286408012,1.690407258,0.957289834,1.185269868,0.938924913
wYPEEyEFAPk-0,"Oligoribonuclease, mitochondrial OS=Homo sapiens GN=REXO2 PE=1 SV=3 - [ORN_HUMAN]",1,0.945260249,1.065680164,0.78314121,0.954325198,0.949641252,0.974630893,0.537413843,0.635210639,0.698441994
tTNPFYNtM-0,Protein phosphatase Slingshot homolog 2 OS=Homo sapiens GN=SSH2 PE=1 SV=1 - [SSH2_HUMAN],1,1.028542052,1.075207996,1.347093576,1.398996976,1.345656339,1.446489063,1.633728672,1.713952603,1.71594583
vLEDDPEAtYTTSGGkIPIR-0,Ephrin type-A receptor 2 OS=Homo sapiens GN=EPHA2 PE=1 SV=2 - [EPHA2_HUMAN],1,0.999145213,1.078322569,1.431835866,0.757085101,1.240089993,0.846944631,1.164814787,1.617697777,1.579258853
qyHEQEETPEMMAAR-0,Epidermal growth factor receptor kinase substrate 8 OS=Homo sapiens GN=EPS8 PE=1 SV=1 - [EPS8_HUMAN],1,0.968139431,1.082588673,1.149615796,1.847303271,0.922286952,1.896777141,1.346889223,2.174362421,1.71492933
yMEDSTYYk-0,Focal adhesion kinase 1 OS=Homo sapiens GN=PTK2 PE=1 SV=2 - [FAK1_HUMAN],1,1.058055265,1.083419208,1.564315682,1.382776885,1.537020588,1.710250817,1.211595062,1.543026004,1.537579345
wkLEDYFETDSSySDANNFIR-0,Tyrosine-protein kinase FRK OS=Homo sapiens GN=FRK PE=1 SV=1 - [FRK_HUMAN],1,1.016412025,1.085275961,1.190247823,0.952729453,1.294223736,1.215467436,0.986542536,1.35847463,1.12472802
aEERPTFDYLQSVLDDFYTATEGQyQQQP-0,Tyrosine-protein kinase Lyn OS=Homo sapiens GN=LYN PE=1 SV=3 - [LYN_HUMAN],1,1.139313624,1.086859334,1.048197351,1.04950568,1.14455007,1.298766067,0.870458084,0.77398789,0.810199738
ayTNFDAER-0,Annexin A2 OS=Homo sapiens GN=ANXA2 PE=1 SV=2 - [ANXA2_HUMAN],1,0.596698048,1.08790681,0.814247486,0.946093899,0.661205126,1.048839835,0.446298342,0.851264203,0.593740206
qyATLDVYNPFETR-0,Secretory carrier-associated membrane protein 3 OS=Homo sapiens GN=SCAMP3 PE=1 SV=3 - [SCAM3_HUMAN],1,0.869679931,1.092835225,0.953385793,1.045588025,0.871566792,1.074692166,0.791381788,1.017210288,1.037423463
eSTITLQQAEyEFLSFVR-0,"Oligoribonuclease, mitochondrial OS=Homo sapiens GN=REXO2 PE=1 SV=3 - [ORN_HUMAN]",1,1.228218212,1.093406778,1.131003754,1.366108167,1.008900503,1.408866955,0.96196036,0.904649239,1.008008062
vcAYGAQGEGPySSLVScR-0,Integrin beta-4 OS=Homo sapiens GN=ITGB4 PE=1 SV=5 - [ITB4_HUMAN],1,1.079812677,1.095285401,1.11487719,1.298779813,1.332667834,1.451905151,1.019356387,1.075008867,1.031186064
sQEQLAAELAEyTAk-0,Ezrin OS=Homo sapiens GN=EZR PE=1 SV=4 - [EZRI_HUMAN],1,0.840184048,1.095753747,1.04217691,1.111920146,0.882597249,1.276305109,1.098835439,1.208166699,0.880896877
vENcPDELyDIMk-0,Tyrosine-protein kinase Lyn OS=Homo sapiens GN=LYN PE=1 SV=3 - [LYN_HUMAN],1,0.837799467,1.096785737,1.426462316,1.285892343,1.463884202,1.704928092,1.44517514,1.788849441,1.860534847
eDAyDGVTSENMR-0,Transmembrane protein 106B OS=Homo sapiens GN=TMEM106B PE=1 SV=2 - [T106B_HUMAN],1,0.97743968,1.097087704,0.866277866,0.838034428,0.895383911,0.930320876,0.438559507,0.73810926,0.903351538
vYTyIQSR-0,Dual specificity tyrosine-phosphorylation-regulated kinase 4 OS=Homo sapiens GN=DYRK4 PE=1 SV=2 - [DYRK4_HUMAN],1,1.005100057,1.097816035,1.235330858,1.508112144,0.923675692,1.803650629,1.318908929,1.363354664,1.403224554
qHyIDLk-0,Putative nucleoside diphosphate kinase OS=Homo sapiens GN=NME2P1 PE=5 SV=1 - [NDK8_HUMAN],1,1.5460184,1.09946522,0.776073914,0.619064378,0.84726212,0.785397514,0.846708442,1.049751965,0.644023404
yAAPELEIAR-0,Serine incorporator 5 OS=Homo sapiens GN=SERINC5 PE=2 SV=1 - [SERC5_HUMAN],1,1.128733521,1.102207875,1.303996787,0.876787602,1.189536482,0.966450313,2.467689736,2.575502758,2.571240271
vTIADDySDPFDAkNDLk-0,SH2 domain-containing adapter protein B OS=Homo sapiens GN=SHB PE=1 SV=2 - [SHB_HUMAN],1,0.89251007,1.105268047,1.744947547,0.956414949,1.342874997,1.472933611,1.196058424,1.747576916,1.648454791
dVDAAyMSkVELEAk-0,"Keratin, type II cytoskeletal 7 OS=Homo sapiens GN=KRT7 PE=1 SV=5 - [K2C7_HUMAN]",1,1.303828807,1.10883618,1.119342929,0.980689474,1.820772837,1.001158427,2.629449568,2.066207697,1.75954354
vLEDDPEATyTTSGGk-0,Ephrin type-A receptor 2 OS=Homo sapiens GN=EPHA2 PE=1 SV=2 - [EPHA2_HUMAN],1,0.789846989,1.110880361,1.412496192,0.820022779,0.937883677,1.063493465,0.76778102,1.339124132,1.515252105
tYVDPHTyEDPNQAVLk-1,Ephrin type-A receptor 2 OS=Homo sapiens GN=EPHA2 PE=1 SV=2 - [EPHA2_HUMAN],1,1.314503765,1.111703362,1.538399415,0.921819633,1.407238726,1.11237025,1.043335145,1.345278691,1.455391472
lANyTNLSQGVVEHEEDEESR-0,Solute carrier family 12 member 7 OS=Homo sapiens GN=SLC12A7 PE=1 SV=3 - [S12A7_HUMAN],1,0.95296865,1.114494828,0.921415447,1.073134865,0.908759425,1.055019565,0.8284853,1.035195673,1.1458252
sVLEDFFTATEGQyQPQP-0,Tyrosine-protein kinase Lck OS=Homo sapiens GN=LCK PE=1 SV=6 - [LCK_HUMAN],1,1.056451666,1.115240381,1.146878796,1.233778201,1.163057959,1.327505357,2.133945899,1.894109718,2.200242155
fMQASEDLLkEHyVDLk-0,Nucleoside diphosphate kinase A OS=Homo sapiens GN=NME1 PE=1 SV=1 - [NDKA_HUMAN],1,1.419241581,1.118677939,1.247272265,0.848904307,1.212305672,0.953262036,1.144429703,1.144227312,0.81106204
tYVDPHTyEDPNQAVLk-0,Ephrin type-A receptor 2 OS=Homo sapiens GN=EPHA2 PE=1 SV=2 - [EPHA2_HUMAN],1,1.093795921,1.119919302,1.401543471,0.926051618,1.190207253,0.910353983,0.904785222,1.137615368,1.230225336
vyFQSPPGAAGEGPGGADDEGPVRR-0,Protein phosphatase 1 regulatory subunit 14B OS=Homo sapiens GN=PPP1R14B PE=1 SV=3 - [PP14B_HUMAN],1,0.645485336,1.120931817,0.678130703,0.732040042,0.801579098,1.13829789,0.85537202,0.966088493,0.824939563
lSSFTSyENPT-0,Protein-tyrosine kinase 6 OS=Homo sapiens GN=PTK6 PE=1 SV=1 - [PTK6_HUMAN],1,0.897047942,1.123055271,1.580617281,1.618698397,1.03140636,1.872291839,1.647145029,2.073185159,1.943799704
iTNDyIF-0,Keratinocyte-associated transmembrane protein 2 OS=Homo sapiens GN=KCT2 PE=2 SV=2 - [KCT2_HUMAN],1,0.783009631,1.129251695,1.229482642,0.979953835,0.808490723,0.84843304,0.871474714,1.48828486,1.004931138
sYGEEDFEyHR-0,Anion exchange protein 2 OS=Homo sapiens GN=SLC4A2 PE=1 SV=4 - [B3A2_HUMAN],1,1.057339919,1.134072794,1.574929015,1.187741098,1.156585785,1.238540715,0.97662874,0.918451602,0.866999156
iGEGTyGVVYk-0,Cyclin-dependent kinase 1 OS=Homo sapiens GN=CDK1 PE=1 SV=3 - [CDK1_HUMAN],1,1.197578229,1.143148335,1.764588194,2.276391629,2.015207781,2.86332854,3.943669295,4.244284556,3.400209559
aEGSDVANAVLDGADcIMLSGETAkGDyPLEAVR-0,Pyruvate kinase PKM OS=Homo sapiens GN=PKM PE=1 SV=4 - [KPYM_HUMAN],1,0.974942489,1.144370641,1.153110013,1.077226942,1.286688528,1.293210641,1.202829084,1.317632532,1.216352666
nEGFYADPyLYHEGR-0,Sickle tail protein homolog OS=Homo sapiens GN=KIAA1217 PE=1 SV=2 - [SKT_HUMAN],1,1.07505762,1.144396647,1.562793288,1.520905207,1.125288869,1.490419777,1.449893837,1.736977087,1.667784496
vyIDPFTYEDPNEAVR-0,Ephrin type-B receptor 3 OS=Homo sapiens GN=EPHB3 PE=1 SV=2 - [EPHB3_HUMAN],1,0.983798706,1.144432479,1.168773635,1.222557906,1.03361694,1.281517292,0.772426071,0.839981875,0.999596134
yYkETSGLMLDVGPYMk-0,Phospholysine phosphohistidine inorganic pyrophosphate phosphatase OS=Homo sapiens GN=LHPP PE=1 SV=2 - [LHPP_HUMAN],1,1.201094676,1.149962259,1.470624983,1.288535553,1.66063848,1.387228797,3.060867757,3.247328238,3.158083558
lVPLyAVVSEEPIYIVTEFMSk-0,Tyrosine-protein kinase Yes OS=Homo sapiens GN=YES1 PE=1 SV=3 - [YES_HUMAN],1,1.188097974,1.152561827,1.692078814,1.189730434,2.278019656,1.888055011,1.251547731,1.234063146,1.173857347
dkVTIADDySDPFDAk-0,SH2 domain-containing adapter protein B OS=Homo sapiens GN=SHB PE=1 SV=2 - [SHB_HUMAN],1,0.841950757,1.153530292,1.965037974,1.087158599,1.245731056,1.873993869,1.202559143,1.676497337,1.741895551
dGGGPGGDYAAMGAcPASEQGyEEMR-0,Receptor tyrosine-protein kinase erbB-3 OS=Homo sapiens GN=ERBB3 PE=1 SV=1 - [ERBB3_HUMAN],1,0.768425196,1.157483747,0.690512376,0.791700868,0.463515197,1.046530103,0.703111434,2.09092599,0.822059767
iGEGtyGVVYk-2,Cyclin-dependent kinase 1 OS=Homo sapiens GN=CDK1 PE=1 SV=3 - [CDK1_HUMAN],1,1.313526227,1.163382405,1.506758688,2.185014827,2.401925331,2.684697959,4.702588771,5.040323705,3.643097909
gVITDQNSDGycQTGTMSR-0,Desmoplakin OS=Homo sapiens GN=DSP PE=1 SV=3 - [DESP_HUMAN],1,1.24775423,1.163546322,2.329460857,1.604657925,1.455141544,1.670959637,1.435321385,3.207604744,3.155654913
yAGEVyGMIR-0,Phosphatidylinositol 4-kinase alpha OS=Homo sapiens GN=PI4KA PE=1 SV=4 - [PI4KA_HUMAN],1,1.037459205,1.168358695,1.310241316,1.513236923,1.157195648,1.83711543,1.186958423,1.541082987,1.404046345
skPPYtDyVSTR-0,Serine/threonine-protein kinase ICK OS=Homo sapiens GN=ICK PE=1 SV=1 - [ICK_HUMAN],1,0.967834053,1.17176544,1.893609375,1.50702645,1.280714556,2.439959504,1.473844749,1.985793084,1.708847968
nLDNGGFyISPR-0,Tyrosine-protein kinase Lck OS=Homo sapiens GN=LCK PE=1 SV=6 - [LCK_HUMAN],1,0.902416486,1.172473644,0.982367154,1.167357461,1.070516355,1.230819066,1.798828424,1.585260053,1.718651622
sLDNGGYyISPR-0,Tyrosine-protein kinase Lyn OS=Homo sapiens GN=LYN PE=1 SV=3 - [LYN_HUMAN],1,1.12576937,1.173551765,1.159342114,1.134506597,1.297255901,1.223988822,1.513744782,1.333741476,1.316038318
iYQyIQSR-0,Dual specificity tyrosine-phosphorylation-regulated kinase 1A OS=Homo sapiens GN=DYRK1A PE=1 SV=2 - [DYR1A_HUMAN],1,1.217951537,1.176380018,1.400127069,1.709971332,1.076300862,1.63427433,1.459553949,1.531011823,1.948090347
yYRPTEVDFLQGDcTk-0,"GDP-mannose 4,6 dehydratase OS=Homo sapiens GN=GMDS PE=1 SV=1 - [GMDS_HUMAN]",1,1.014455424,1.182494867,1.37029247,1.193552701,1.361333503,1.382702628,1.058900358,1.193167277,0.965344403
fLEDDPSDPtYTSSLGGk-0,Ephrin type-B receptor 3 OS=Homo sapiens GN=EPHB3 PE=1 SV=2 - [EPHB3_HUMAN],1,0.906423906,1.191640445,1.278482963,1.12598674,0.970281783,1.274887292,1.137258266,1.22261055,1.438003836
lVGMDPEQASVTNQNEyAR-0,Probable palmitoyltransferase ZDHHC20 OS=Homo sapiens GN=ZDHHC20 PE=1 SV=1 - [ZDH20_HUMAN],1,0.874363993,1.197845156,1.032059326,0.920361888,0.772768399,0.994488424,1.001826695,1.053903407,1.186296935
nMAEQIIQEIySQIQSk-0,Transketolase OS=Homo sapiens GN=TKT PE=1 SV=3 - [TKT_HUMAN],1,1.118540864,1.200032392,1.517651519,1.410869324,1.522349031,1.759686295,1.804718968,2.184767436,1.833292216
vVYENAyGQFIGPHR-0,"Thioredoxin reductase 1, cytoplasmic OS=Homo sapiens GN=TXNRD1 PE=1 SV=3 - [TRXR1_HUMAN]",1,1.096855345,1.206903209,1.101283917,1.118006358,1.062886898,1.182169308,1.546952937,1.47460891,1.346247376
tADSVFcPHyEk-0,Ephrin-B2 OS=Homo sapiens GN=EFNB2 PE=1 SV=1 - [EFNB2_HUMAN],1,0.956395176,1.223015603,1.290901752,0.847868089,1.003504007,0.990279529,0.77946906,1.101607374,1.107567749
nSYVAGQyDDAASYQR-0,Glucose-6-phosphate 1-dehydrogenase OS=Homo sapiens GN=G6PD PE=1 SV=4 - [G6PD_HUMAN],1,1.188202266,1.223420007,1.417951397,1.632035172,1.336347103,2.479519197,1.51249182,1.75733771,1.388066535
mTLDTLSIyETPSMGLLDkk-0,Eukaryotic translation initiation factor 3 subunit B OS=Homo sapiens GN=EIF3B PE=1 SV=3 - [EIF3B_HUMAN],1,0.945766547,1.224926733,2.166427277,1.891447872,1.62461053,1.998044284,2.243551465,2.680764334,2.209179658
rSDSASSEPVGIyQGFEk-0,Protein kinase C delta type OS=Homo sapiens GN=PRKCD PE=1 SV=2 - [KPCD_HUMAN],1,0.435327998,1.234157303,0.926587592,0.596928216,0.710881979,1.163536167,0.631452455,0.917210949,0.718786173
yMEDSTYyk-1,Focal adhesion kinase 1 OS=Homo sapiens GN=PTK2 PE=1 SV=2 - [FAK1_HUMAN],1,1.300050293,1.236135755,1.84085549,1.544813325,1.872434008,1.660308204,1.300640338,1.544921039,1.669270658
qNHLQADNFYQtV-0,Cysteine-rich motor neuron 1 protein OS=Homo sapiens GN=CRIM1 PE=1 SV=1 - [CRIM1_HUMAN],1,1.195094951,1.268187403,1.540225245,1.157658826,1.258887099,1.249574199,1.159057025,2.186969512,1.918542686
sVSSSPWLPQDGFDPSDyAEPMDAVVkPR-0,Rho GTPase-activating protein 35 OS=Homo sapiens GN=ARHGAP35 PE=1 SV=3 - [RHG35_HUMAN],1,1.108002052,1.271510254,1.861068841,2.065969039,2.241396395,2.284556723,2.292452722,2.021104094,1.539593932
nAIkVPIVINPNAyDNLAIYk-0,Pseudopodium-enriched atypical kinase 1 OS=Homo sapiens GN=PEAK1 PE=1 SV=4 - [PEAK1_HUMAN],1,1.186417286,1.289986762,1.503625014,1.059388699,1.090314726,1.142169144,1.441819538,1.660770547,1.520379112
ykPMMIITEyMENGALDk-0,Ephrin type-A receptor 2 OS=Homo sapiens GN=EPHA2 PE=1 SV=2 - [EPHA2_HUMAN],1,1.086025744,1.297515092,1.422564724,1.377476631,1.439033379,1.191440783,1.302423538,1.536185894,1.362574637
sAFSNLFGGEPLSYtR-0,Transferrin receptor protein 1 OS=Homo sapiens GN=TFRC PE=1 SV=2 - [TFR1_HUMAN],1,1.078528795,1.300168404,1.266925031,1.34494181,1.248730816,1.109237354,0.929005596,1.158832279,1.1461976
tHAVSVSETDDyAEIIDEEDTYTMPSTR-0,Focal adhesion kinase 1 OS=Homo sapiens GN=PTK2 PE=1 SV=2 - [FAK1_HUMAN],1,0.959243942,1.331829117,1.312762396,1.224493546,0.861477515,1.258823503,1.09610827,1.431671247,1.092051879
ycRPESQEHPEADPGSAAPyLk-0,Signal transducer and activator of transcription 3 OS=Homo sapiens GN=STAT3 PE=1 SV=2 - [STAT3_HUMAN],1,1.826844007,1.337812468,1.924509638,1.166990195,1.842797262,1.127344672,1.034404507,1.146335431,1.256429864
mQQyTEHFMAAGYTAIEk-0,Ephrin type-A receptor 2 OS=Homo sapiens GN=EPHA2 PE=1 SV=2 - [EPHA2_HUMAN],1,1.019300258,1.344593222,1.20323097,1.311460918,0.944501742,1.167272663,1.201368627,1.529372022,1.471910549
lDycGGSGEPGGVQR-0,SH2 domain-containing adapter protein B OS=Homo sapiens GN=SHB PE=1 SV=2 - [SHB_HUMAN],1,1.072398071,1.348392437,0.913827569,1.192920138,0.921574677,1.520654538,0.869360726,1.508237678,1.0118717
wDsYENLSADGEVLHTQGPVDGSLyAk-0,Tensin-3 OS=Homo sapiens GN=TNS3 PE=1 SV=2 - [TENS3_HUMAN],1,0.832721353,1.350305638,1.341367716,0.879716787,1.128636448,1.41301881,0.745263467,1.074298618,1.032589042
nGDVSQFPyVEFTGR-0,Transmembrane protein 106B OS=Homo sapiens GN=TMEM106B PE=1 SV=2 - [T106B_HUMAN],1,0.864754345,1.351784243,1.189829731,1.300681337,0.883765353,1.372824787,0.843543751,1.155552663,1.074079933
qSPEDVyFSk-0,Ephrin type-A receptor 2 OS=Homo sapiens GN=EPHA2 PE=1 SV=2 - [EPHA2_HUMAN],1,0.990331794,1.365685963,1.496461892,0.893042021,1.043340355,1.120460385,1.107006915,1.750873268,1.701862279
rGVITDQNSDGycQTGTMSR-0,Desmoplakin OS=Homo sapiens GN=DSP PE=1 SV=3 - [DESP_HUMAN],1,1.198974017,1.367280779,2.282167529,1.32568233,1.933780743,2.091121769,1.557856561,4.224836381,4.238699315
nILSSADyVER-0,Syntaxin-4 OS=Homo sapiens GN=STX4 PE=1 SV=2 - [STX4_HUMAN],1,0.563972446,1.371495506,0.625851534,0.636629297,0.550956634,0.775143501,0.568668944,1.195255403,0.659180138
cENTPLIGREsPPPSyTSSMR-0,Protein tweety homolog 3 OS=Homo sapiens GN=TTYH3 PE=1 SV=3 - [TTYH3_HUMAN],1,1.380473813,1.383415804,1.715205764,1.934098749,1.465995915,1.742696099,1.178990515,1.657893736,1.615429251
vPSVELTNLyPYcDYEMk-0,Integrin beta-4 OS=Homo sapiens GN=ITGB4 PE=1 SV=5 - [ITB4_HUMAN],1,1.282254939,1.393537938,1.79764112,1.91127166,1.865737726,1.589587822,1.583069883,1.727119788,1.531900495
gHyTEGAELVDSVLDVVR-0,Tubulin beta chain OS=Homo sapiens GN=TUBB PE=1 SV=2 - [TBB5_HUMAN],1,1.145602726,1.398469771,1.056253192,1.065688729,1.1563386,1.182083774,1.065903215,1.414283379,1.120881222
aVcSTyLQSR-0,Homeodomain-interacting protein kinase 2 OS=Homo sapiens GN=HIPK2 PE=1 SV=2 - [HIPK2_HUMAN],1,1.30268877,1.406342011,1.501900087,1.659880878,1.579571857,2.069713662,1.69562302,1.86762298,1.982804258
eDQTEyLEER-0,Heat shock protein HSP 90-beta OS=Homo sapiens GN=HSP90AB1 PE=1 SV=4 - [HS90B_HUMAN]|Heat shock protein HSP 90-alpha OS=Homo sapiens GN=HSP90AA1 PE=1 SV=5 - [HS90A_HUMAN],1,1.14429579,1.410120375,0.944254344,0.948512868,0.754585777,1.624762833,0.668962991,1.004219876,1.112897242
tVcSTyLQSR-0,Homeodomain-interacting protein kinase 3 OS=Homo sapiens GN=HIPK3 PE=1 SV=1 - [HIPK3_HUMAN],1,1.328385341,1.428317766,2.026584716,1.977829483,1.591266557,2.783067294,2.236286275,2.554052256,2.443541922
rPAGSVQNPVyHNQPLNPAPSR-0,Epidermal growth factor receptor OS=Homo sapiens GN=EGFR PE=1 SV=2 - [EGFR_HUMAN],1,0.325709849,1.44355126,0.460879643,1.105314031,0.438485661,0.506700646,0.519025658,0.676911679,0.348358275
sIYSLDkLyPESQGSDTAWR-0,"Peptidyl-tRNA hydrolase ICT1, mitochondrial OS=Homo sapiens GN=ICT1 PE=1 SV=1 - [ICT1_HUMAN]",1,0.835267683,1.47009012,1.668953868,1.253690732,0.998634781,1.251481742,2.776441881,4.232259621,3.436081036
sHyADVDPENQNFLLESNLGkk-0,Sodium-coupled neutral amino acid transporter 2 OS=Homo sapiens GN=SLC38A2 PE=1 SV=2 - [S38A2_HUMAN],1,1.250462618,1.473958049,1.391740031,1.098497584,1.488958056,0.834897726,0.740436986,1.473162642,1.239503205
gGGGyTcQSGSGWDEFTk-0,Desmoplakin OS=Homo sapiens GN=DSP PE=1 SV=3 - [DESP_HUMAN],1,1.098327126,1.51360459,1.75596415,0.993561886,0.87303118,1.447491141,1.297566053,3.783749739,3.798476485
dITyFIQQLLR-0,Actin-related protein 3C OS=Homo sapiens GN=ACTR3C PE=2 SV=1 - [ARP3C_HUMAN],1,1.095637371,1.518632037,1.825639789,1.19566774,1.44536353,1.536471913,1.073211936,1.268122269,1.12324453
vSETEySALEQSTk-0,Atypical chemokine receptor 3 OS=Homo sapiens GN=ACKR3 PE=1 SV=3 - [ACKR3_HUMAN],1,1.033331503,1.534405999,1.276894082,1.403750089,1.124123249,1.382214718,0.684398058,1.43857661,0.981400723
iYQyIQSR-1,Dual specificity tyrosine-phosphorylation-regulated kinase 1A OS=Homo sapiens GN=DYRK1A PE=1 SV=2 - [DYR1A_HUMAN],1,1.300529258,1.536986198,1.561895748,1.67804212,1.225264092,1.921048367,1.548048547,1.743254176,2.115895107
wDsYENLSADGEVLHTQGPVDGSLyAk-2,Tensin-3 OS=Homo sapiens GN=TNS3 PE=1 SV=2 - [TENS3_HUMAN],1,0.817429286,1.546806908,1.48364732,1.000815238,1.267247908,1.310126304,0.796329053,0.945347969,1.061222739
mQNHGyENPTYk-0,Amyloid-like protein 2 OS=Homo sapiens GN=APLP2 PE=1 SV=2 - [APLP2_HUMAN],1,1.044820941,1.6158136,2.306737637,2.052129733,1.445204238,0.887625493,0.713744802,1.043191384,1.405690427
sHyADVDPENQNFLLESNLGk-0,Sodium-coupled neutral amino acid transporter 2 OS=Homo sapiens GN=SLC38A2 PE=1 SV=2 - [S38A2_HUMAN],1,1.19420879,1.636070692,1.494533821,1.046155878,1.325467994,0.846803344,0.482651291,1.317862033,1.122622991
qESTVSFNPyEPELAPWAADkGPQR-0,Tyrosine-protein kinase SYK OS=Homo sapiens GN=SYK PE=1 SV=1 - [KSYK_HUMAN],1,1.151031666,1.661363077,5.109723042,2.739220546,2.280222636,4.224593281,3.37058019,2.583442389,1.932462224
tTEDEVHIcHNQDGySYPSR-0,Low-density lipoprotein receptor OS=Homo sapiens GN=LDLR PE=1 SV=1 - [LDLR_HUMAN],1,1.268347137,1.663981003,2.134101086,1.800526288,1.425556563,1.315259961,0.667534593,1.322750371,1.43316159
hTDDEMTGyVATR-0,Mitogen-activated protein kinase 14 OS=Homo sapiens GN=MAPK14 PE=1 SV=3 - [MK14_HUMAN],1,1.138010905,1.689974028,2.416624042,1.737663106,1.487095207,2.124646116,2.460269476,5.524291648,6.304987518
aESGPDLRyEVTSGGGGTSR-0,Desmoplakin OS=Homo sapiens GN=DSP PE=1 SV=3 - [DESP_HUMAN],1,1.567658139,1.728153366,1.910675819,1.555621612,1.477699342,1.577090902,1.036153637,2.853182143,1.670352248
eTPNIcPHSGENTEyDTIPHTNR-0,SLAM family member 7 OS=Homo sapiens GN=SLAMF7 PE=1 SV=1 - [SLAF7_HUMAN],1,1.335284034,1.760349518,1.998724851,1.574911449,1.268401365,1.947834489,1.478451326,3.197935196,1.742192795
sESVVyADIR-0,Myelin protein zero-like protein 1 OS=Homo sapiens GN=MPZL1 PE=1 SV=1 - [MPZL1_HUMAN],1,1.166625893,1.92154285,1.691057221,1.297538716,1.38585176,1.664181027,0.908656821,1.847929709,1.470498687
iGEGTyGVVYk-1,Cyclin-dependent kinase 1 OS=Homo sapiens GN=CDK1 PE=1 SV=3 - [CDK1_HUMAN],1,2.41505669,1.970956334,6.075769233,6.14463455,5.853457431,11.19347487,9.108256005,12.00859706,11.64235451
wDTGENPIyk-0,Integrin beta-1 OS=Homo sapiens GN=ITGB1 PE=1 SV=2 - [ITB1_HUMAN],1,1.264226521,2.030866423,2.214034917,1.119700477,1.448650438,1.315725604,1.17003452,1.600242218,1.445214498
nVPEIAVYPAFEAPPQYVLPTyEMAVk-0,Lysosomal-associated transmembrane protein 4A OS=Homo sapiens GN=LAPTM4A PE=1 SV=1 - [LAP4A_HUMAN],1,1.558513285,2.117415634,3.291212948,1.768216402,1.670898485,1.630329716,1.218054907,2.110241957,2.340499854
eVyFAER-0,Cysteine-rich protein 1 OS=Homo sapiens GN=CRIP1 PE=1 SV=3 - [CRIP1_HUMAN],1,1.632875866,2.12412929,2.653618606,2.535523247,1.756204986,2.70452196,2.138105101,4.222099655,4.226570182
fSISPDEDSSSYSSNSDFNySYPTk-0,Sodium-coupled neutral amino acid transporter 2 OS=Homo sapiens GN=SLC38A2 PE=1 SV=2 - [S38A2_HUMAN],1,0.721475149,2.355744285,1.325426873,0.840565326,0.910724729,0.61567218,0.646975085,2.919816899,1.313823821
iQNTGDyYDLYGGEk-0,Tyrosine-protein phosphatase non-receptor type 11 OS=Homo sapiens GN=PTPN11 PE=1 SV=2 - [PTN11_HUMAN],1,1.728488656,2.609365166,2.765132972,2.6427342,2.453114398,3.041784371,2.970318084,3.261517198,3.465571616
iQNTGDyYDLYGGEk-1,Tyrosine-protein phosphatase non-receptor type 11 OS=Homo sapiens GN=PTPN11 PE=1 SV=2 - [PTN11_HUMAN],1,2.008924035,2.98818891,3.222304048,3.228790501,2.97448519,3.981037246,3.866123007,4.298169787,4.571003085