Elapsed,KIN UT,KIN E,KIN AF,KIN A/E,KD UT,KD E,KD AF,KD A/E,M4 UT,M4 E,M4 AF,M4 A/E,M5 UT,M5 E,M5 AF,M5 A/E,M7 UT,M7 E,M7 AF,M7 A/E,M10 UT,M10 E,M10 AF,M10 A/E,M11 UT,M11 E,M11 AF,M11 A/E,M15 UT,M15 E,M15 AF,M15 A/E
0,18.173327,5.785785,9.982762,7.126932,2.6095415,7.9775765,9.3580495,8.476728,7.6945085,7.5386325,9.220706,11.4281045,8.0019275,10.436904,3.5738055,8.465122,6.5593355,8.0896675,2.03229105,8.994612,8.354906,3.7646115,5.2932865,4.5034055,7.457171,3.4363945,3.752092,4.990532,11.398797,14.4294755,5.9307865,6.5953015
2,24.441155,12.2256355,15.93907,12.3392435,9.7029285,12.092295,17.0951,13.291515,13.47694,9.3808055,15.57308,17.410795,15.738545,16.148055,12.3002715,13.13018,15.362845,15.323285,15.145875,16.76077,14.02709,11.0729465,11.250545,11.38869,14.266665,10.919909,12.34065,10.8087615,18.696745,22.276195,12.237615,18.766915
4,23.10062,13.664925,20.13344,17.33499,12.619987,14.361705,17.75798,16.260185,14.893605,12.967385,19.851305,18.769105,17.408755,19.77514,13.99121,14.570575,17.30176,19.96259,18.21655,19.01697,17.71822,13.796085,12.971245,15.1094,17.213955,15.797275,15.55877,14.51634,23.54873,22.12903,15.857035,21.03658
6,21.33738,16.53176,24.920355,20.11206,14.1762135,17.876575,20.49728,17.918585,18.84513,14.3515,23.039905,18.591365,19.781475,19.29372,19.005355,18.416805,18.830765,19.601725,23.86067,21.89193,19.841225,16.22028,20.62216,16.32178,19.253345,17.96656,19.791695,18.286465,25.738475,26.165245,19.26673,21.355765
8,24.37445,19.55039,28.64785,22.395545,16.282055,18.657445,24.321605,19.55443,22.50988,14.434545,23.60176,21.11137,21.298595,21.0864,21.52111,22.242865,22.763635,23.90902,25.187855,24.29302,21.467185,18.809745,24.14989,19.516875,20.59245,20.23814,23.725145,19.313685,25.246875,28.307415,21.24947,24.98987
10,25.221375,21.727555,31.86966,24.403355,18.34612,19.92687,26.8742,19.87238,22.31772,15.319565,25.55367,23.777845,23.19347,22.93536,24.80927,24.001585,24.72771,25.488035,27.32617,24.8597,24.038805,21.24357,26.206685,21.675565,22.301645,22.09576,25.896985,21.63631,27.840275,28.78846,24.09763,27.245945
12,25.08708,23.51809,34.04085,27.536775,18.70749,20.77047,27.353165,22.65935,23.67254,17.608165,25.24525,24.496805,25.586525,23.833665,28.26045,26.24788,26.89137,27.02476,30.37208,26.54413,25.231065,21.204335,28.651875,24.158045,23.47417,22.32883,26.25676,24.665865,27.30951,30.568855,25.17684,27.269045
14,27.478795,24.96596,36.68239,30.207605,21.418465,21.916905,30.96268,23.42105,23.7184,17.390425,28.073545,28.11805,25.90236,24.33309,30.615865,26.96526,28.463205,29.940835,32.67317,27.83611,27.46147,21.657195,29.72865,25.716425,26.287825,23.68008,27.22401,26.18933,30.052345,30.865785,26.77564,30.09817
16,27.79191,23.66663,37.94238,31.01239,22.35203,23.46177,31.64902,24.181515,25.624665,17.569915,30.00004,27.221265,27.794145,26.628055,31.29352,29.45332,30.815695,31.077445,33.520605,28.46371,28.953325,23.99373,33.023635,26.25958,27.875495,24.40158,28.846785,26.60226,32.44166,30.541155,27.030245,31.239885
18,30.664695,28.287255,40.31764,33.483835,23.52741,23.68543,31.965195,24.92785,24.173085,18.47515,31.136565,29.105415,28.343375,27.561745,33.054905,30.317425,32.425105,31.33783,34.70633,28.564575,29.196835,23.80115,33.998265,27.15909,28.77371,25.64187,30.023525,28.50536,33.030495,30.077285,28.06227,31.554495
20,31.4742,29.257895,40.74625,33.82443,24.98824,24.257065,35.01331,25.31312,26.582005,18.833935,32.901115,31.144265,31.6442,28.522985,33.69056,32.42498,32.59764,32.378025,36.66365,28.94514,30.249745,25.34565,34.02774,27.879645,29.65012,25.96368,31.50904,30.262575,32.284445,31.05549,30.093605,31.252995
22,32.445935,29.764465,41.92344,35.23244,26.75529,24.598035,33.41766,25.65719,28.93292,20.59702,36.005145,32.7171,34.28158,29.329475,35.24366,33.74468,34.40617,33.02359,36.66626,28.89244,31.922755,26.3141,34.450505,29.39905,30.82626,26.84761,32.256485,30.76699,33.226,32.87795,32.128155,31.344915
24,34.245025,30.57744,42.01118,36.97432,28.93891,25.409995,34.89298,26.02848,31.36681,19.6285,34.219365,34.43149,36.58735,29.88944,37.63481,34.865445,36.14076,32.41127,38.475845,30.260745,34.340435,28.356485,35.627315,31.793195,33.04562,26.9283,35.192125,31.37712,35.135515,33.55974,33.444465,31.389635
26,37.5866,31.46109,41.99962,37.766485,28.305515,25.743405,36.710385,25.947525,32.80263,20.722545,33.14945,35.34616,36.67959,29.80124,38.40136,34.73109,36.998455,32.389825,38.42498,30.393375,34.33182,29.96757,36.469525,32.744765,33.135615,27.939,36.05391,32.1624,36.12715,33.978575,35.42216,31.670085
28,38.189045,32.687025,42.45455,38.76213,27.76285,26.17051,37.438535,26.75123,36.67271,20.081545,32.746275,35.804495,39.48191,30.67675,39.830575,35.126805,38.026405,31.60382,39.01962,30.490155,35.224335,30.784145,37.966245,33.41422,33.19332,28.1591,36.91668,32.36011,35.99795,34.678985,36.128535,31.500365
32,40.019485,33.358175,43.602085,38.559115,28.52728,26.457955,37.760715,26.732325,36.3204,20.789645,34.44405,37.4597,38.88184,32.717005,39.12689,35.522895,38.548515,33.52988,40.556675,30.40061,35.906655,30.18808,39.41698,34.140665,34.800675,29.27983,37.909005,33.146515,37.884095,35.42706,37.02119,29.877545
34,41.21613,33.37691,43.19806,38.61749,28.64517,26.38674,38.21273,27.320935,36.833535,21.32185,33.567185,37.03184,40.19883,33.22872,38.639075,36.505545,39.15912,34.48238,38.736795,30.76855,36.820255,30.86622,40.381015,34.228655,35.25869,29.509355,37.969355,33.54093,37.76017,35.28262,38.491715,32.34831
36,40.55674,33.520425,44.28549,40.020865,29.673995,26.10838,38.733555,27.526065,36.28604,20.879675,34.803795,37.674075,39.525085,34.363645,38.250985,35.3888,39.305615,34.540895,38.626605,30.982515,37.478055,31.954305,42.02529,34.662695,36.48861,29.515605,38.789225,33.415745,38.73867,36.492275,38.54959,31.902465
38,39.54688,35.20774,42.842175,40.60811,29.198375,27.284145,37.95008,28.02329,35.591655,20.943545,32.66521,37.953675,37.77459,35.49049,37.967615,35.54906,40.884725,34.711845,39.903,31.5257,37.223845,32.96055,41.82425,35.07864,35.79254,29.76555,38.910415,34.02661,38.473185,36.173645,39.294165,31.88504
40,40.47749,35.20617,42.960795,40.79121,28.20137,26.887,37.787955,28.53145,37.86011,20.86409,31.750605,37.7741,38.97119,35.756555,37.850475,35.961645,40.487565,34.90233,38.99841,31.474285,36.908645,33.471425,42.15566,34.989165,35.73921,30.979305,38.352155,34.348255,38.85458,35.98303,40.183535,31.632515
42,39.33702,35.764335,43.457785,41.59327,27.68747,26.41155,37.556895,28.81068,38.55042,21.327225,32.830625,38.809325,39.13252,35.702115,38.5957,36.689665,40.66769,35.33109,40.506225,31.80191,36.508305,33.33606,42.13747,35.379795,36.997955,31.20507,39.57463,34.308465,38.013595,36.78124,40.096405,31.583385
44,40.26033,37.06081,43.219335,41.686745,28.129575,26.00145,38.041205,29.00693,38.94084,22.22247,32.53735,38.61933,38.204965,35.26055,37.91415,36.82261,41.068895,34.82383,39.87667,32.04752,37.048535,33.575675,41.324945,35.580255,37.153925,31.546285,39.490905,34.600705,37.37123,37.38376,39.15587,30.684575
46,38.520535,37.175225,43.166475,41.732715,27.93562,26.30274,37.133225,29.836385,37.467045,21.505405,32.20499,38.85022,39.38967,35.120585,38.58161,35.91358,42.29686,35.216095,39.318865,33.00266,37.346115,34.156645,40.832495,36.16374,37.815255,32.12883,39.48008,34.738205,37.784945,37.75345,38.543115,30.639965
48,40.00321,36.76373,42.94314,41.51416,28.84172,26.920265,37.189695,30.01084,38.399845,21.47108,33.505565,39.087335,39.04475,35.900435,38.19541,35.914215,42.566855,36.343085,39.094115,32.48265,37.939045,35.48447,40.92694,36.25489,37.98747,32.275445,39.204325,35.05017,37.146205,39.089215,38.630955,30.24031
50,40.26204,37.238395,43.481085,41.2251,29.60306,27.80579,37.659475,30.25259,37.77771,21.879875,32.427785,40.573345,38.39758,36.33962,38.88072,35.84211,41.527805,36.121465,38.91358,32.24499,38.63009,36.49461,40.284915,35.54532,38.95275,33.237635,39.281375,35.919005,37.02433,39.08288,38.469615,31.26629
52,40.981995,37.91827,43.685555,41.79205,29.219905,28.222905,38.283545,30.12379,36.779085,21.808475,31.619625,40.347785,39.012235,36.89645,38.623665,35.62298,40.30212,35.822205,40.46711,32.618425,37.481205,36.89379,39.41029,35.342635,39.38342,33.855025,39.630095,36.53185,37.74996,39.582195,38.185835,31.36392
54,40.80145,38.169495,43.88701,42.97053,29.253505,27.903385,38.56775,29.604985,37.837235,21.85565,30.493315,40.47161,38.5878,38.53526,37.428065,36.33935,40.18282,36.821465,39.61484,32.593285,38.31141,37.46812,39.4347,35.51891,39.943025,34.01955,39.22847,36.75173,37.358935,39.59779,37.373585,30.5274
56,40.542735,38.111225,42.231735,43.29636,28.623445,27.789085,37.81246,30.18628,38.060595,21.16352,30.917345,40.15294,39.342245,38.537225,38.07927,36.61008,39.974305,37.59697,40.059665,33.53487,37.56726,38.266265,39.083325,36.08565,39.576565,34.819995,38.730495,36.72488,37.111345,40.08517,38.1384,31.5962
58,39.783485,39.023995,42.14644,44.53084,27.779715,28.30911,37.44915,30.47686,38.673255,22.166215,30.78312,38.98317,39.57581,39.507405,37.510825,37.41466,39.532835,38.2733,40.48115,33.50829,38.37854,38.432175,39.851255,36.04436,39.001265,34.843955,38.384495,37.37396,37.968855,40.76456,37.686775,31.561425
60,39.85781,38.88758,41.505185,44.2913,27.69357,28.654855,37.19848,31.42214,39.242065,21.27254,31.430075,39.879725,38.769955,38.22894,37.517435,37.54546,38.283045,37.98565,38.922675,33.840355,38.341505,38.54328,40.23255,36.134545,39.315285,35.323,38.310455,37.241045,38.282545,41.208605,36.89303,31.839715
62,39.898855,38.849735,41.95637,44.60772,27.455575,29.16628,37.320855,32.464455,38.244875,21.42626,31.35352,40.52411,39.45775,38.484075,37.62689,37.08247,38.70619,38.356375,39.40413,34.269655,38.797605,38.954665,39.81189,36.60681,39.086055,35.521215,38.26096,37.642575,37.86762,42.021945,36.69589,32.13444