,-5,-4,-3,-2,-1,1,2,3,4
P,0.86,1.16,2.04,3.99,1.21,12.44,0.54,1.72,0.91
G,1.07,1.16,1.11,0.25,0.83,0.12,1.68,0.92,0.90
A,0.86,1.24,1.14,0.63,1.00,1.73,1.00,0.97,0.83
C,1.20,1.29,1.38,2.02,1.13,0.51,1.36,1.15,1.24
S,0.91,1.17,1.66,2.09,1.07,1.21,1.70,1.64,1.09
T,0.78,1.09,1.11,1.48,1.26,0.76,1.89,1.20,1.12
V,0.88,0.90,1.21,1.46,0.88,0.25,0.96,0.85,0.84
I,0.81,1.13,0.99,1.01,0.76,0.23,0.94,0.97,1.02
L,0.90,0.94,0.89,1.69,1.73,0.15,0.91,1.04,0.94
M,0.95,0.87,0.70,0.75,1.31,0.18,1.04,0.79,0.86
F,1.15,0.94,0.81,0.30,1.02,0.16,1.29,1.25,1.48
Y,1.47,0.94,0.92,0.25,0.76,0.12,0.54,0.99,0.73
W,1.44,1.20,0.74,0.34,1.10,0.18,0.85,2.01,1.78
H,0.73,0.76,0.41,0.24,0.90,0.14,1.09,0.90,0.90
K,0.59,0.57,0.26,0.18,1.14,0.20,1.21,0.57,1.19
R,0.80,0.63,0.63,0.31,1.01,0.16,1.45,0.64,1.04
Q,0.86,0.87,0.81,0.89,0.87,0.16,0.56,0.64,0.87
N,0.85,0.75,0.78,0.43,0.85,0.16,0.96,0.52,0.71
D,1.56,1.20,1.14,0.46,0.68,0.15,0.74,0.72,0.85
E,1.35,1.18,1.26,0.48,0.48,0.11,0.29,0.52,0.68
pT,1.75,1.10,1.15,0.45,0.23,0.18,0.53,0.63,0.85
pY,1.21,1.24,1.58,0.59,0.54,0.21,0.47,1.20,1.46