Protein,Sequence,UniprotAcc,PC9 A,KO A,Kd A,KI A,M4 A,M5 A,M7 A,M10 A,M11 A,M15 A
Alpha-enolase OS=Homo sapiens OX=9606 GN=ENO1 PE=1 SV=2,aAVPSGASTGIyEALELR-1,P06733,7321.991699,4252.273372,3638.854304,9368.820945,6458.959917,6626.851739,9505.537489,9330.718933,7638.25435,8848.77319
Alpha-enolase OS=Homo sapiens OX=9606 GN=ENO1 PE=1 SV=2,aAVPSGASTGIyEALELRDNDk-1,P06733,19817.17383,12276.84449,12545.94968,13420.78013,21799.69933,15224.85674,22567.15369,26057.93319,18349.26875,23264.99608
Inactive tyrosine-protein kinase PEAK1 OS=Homo sapiens OX=9606 GN=PEAK1 PE=1 SV=4,acSVEELyAIPPDADVAk-1,Q9H792,21104.95459,28084.09109,21347.24827,31562.34782,36562.79626,31834.37378,27048.57115,26508.79397,26230.62241,30948.64024
40S ribosomal protein S3 OS=Homo sapiens OX=9606 GN=RPS3 PE=1 SV=2,acyGVLR-1,P23396,19428.94727,20577.87911,18422.83418,19151.88055,13769.08937,18601.31809,17800.32165,18727.83672,21599.45282,19889.62158
40S ribosomal protein SA OS=Homo sapiens OX=9606 GN=RPSA PE=1 SV=4,aDHQPLTEASyVNLPTIALcNTDSPLR-1,P08865,1046.570068,1632.176346,2201.120796,3894.871276,1641.489724,2315.160899,1796.26372,3144.329465,1556.980916,1715.483512
Epidermal growth factor receptor kinase substrate 8 OS=Homo sapiens OX=9606 GN=EPS8 PE=1 SV=1,aDPPyTHTIQk-1,Q12929,80924,47428.73578,32083.30627,27676.58941,33624.07475,44518.5607,44643.48752,40811.60555,32126.75283,28717.38838
Plakophilin-3 OS=Homo sapiens OX=9606 GN=PKP3 PE=1 SV=1,aDyDTLSLR-1,Q9Y446,742697.6211,284650.7008,239754.9994,200570.983,369152.3704,303719.7126,334150.8266,350764.0296,304765.0261,273207.3161
Src substrate cortactin OS=Homo sapiens OX=9606 GN=CTTN PE=1 SV=2,aELSYRGPVSGTEPEPVySMEAADYR-1,Q14247,35144.47363,74568.22323,54599.7377,101282.0321,66324.10184,99114.13483,65862.17029,62126.1413,68569.01241,77288.96571
Desmoplakin OS=Homo sapiens OX=9606 GN=DSP PE=1 SV=3,aESGPDLRyEVTSGGGGTSR-1,P15924,38287.00781,36426.32051,30337.56195,22426.14682,37014.52643,37156.8838,40855.32695,33429.64156,41800.63843,36916.65348
Serine/arginine-rich splicing factor 3 OS=Homo sapiens OX=9606 GN=SRSF3 PE=1 SV=1,aFGyYGPLR-1,P84103,28764.45117,27760.55983,24527.09028,33143.26602,25436.83832,28908.86977,32537.50656,26869.9288,27433.51962,25223.67189
ATPase WRNIP1 OS=Homo sapiens OX=9606 GN=WRNIP1 PE=1 SV=2,aGEEHyNcISALHk-1,Q96S55,21444.39063,21204.25266,16445.41053,13707.64319,17711.78911,18271.34322,19233.85041,19781.5387,16641.38484,18184.88433
SH2 domain-containing adapter protein B OS=Homo sapiens OX=9606 GN=SHB PE=1 SV=2,aGkGESAGyMEPYEAQR-1,Q15464,16806.76563,24523.7879,17082.07544,23316.74225,16868.72352,34054.28527,21188.51936,26023.72744,19674.04826,28514.79799
"Discoidin, CUB and LCCL domain-containing protein 2 OS=Homo sapiens OX=9606 GN=DCBLD2 PE=1 SV=1",aGkPGLPAPDELVyQVPQSTQEVSGAGR-1,Q96PD2,10961.52295,9802.190313,9647.100708,12002.68246,14100.46115,12056.56013,14058.77857,13038.41899,13753.98577,13119.66741
Tensin-1 OS=Homo sapiens OX=9606 GN=TNS1 PE=1 SV=2,aGSLPNyATINGk-1,Q9HBL0,37222.48438,45591.17055,56835.0209,56927.01176,76896.43618,57140.14518,53750.51727,60692.1027,67108.51061,55628.56393
Breast cancer anti-estrogen resistance protein 3 OS=Homo sapiens OX=9606 GN=BCAR3 PE=1 SV=1,aHQSEsYLPIGck-1,O75815,12250.74707,12847.48847,12956.64288,13624.07922,15391.98631,11920.91226,16696.22007,15138.92987,16019.99636,14566.77412
Heterogeneous nuclear ribonucleoprotein U OS=Homo sapiens OX=9606 GN=HNRNPU PE=1 SV=6,aksPQPPVEEEDEHFDDTVVcLDTYNcDLHFk-1,Q00839,360630.7998,1998456.356,212610.6445,1342333.871,718716.3159,647279.2831,437755.9048,720060.8127,204970.5695,572603.3836
Talin-1 OS=Homo sapiens OX=9606 GN=TLN1 PE=1 SV=3,aLDyYMLR-1,Q9Y490,403483.6694,395537.6025,562611.3931,556709.3869,431707.6667,521345.3359,682376.2547,603500.017,671143.6069,631747.1757
Ragulator complex protein LAMTOR1 OS=Homo sapiens OX=9606 GN=LAMTOR1 PE=1 SV=2,aLNGAEPNyHSLPSAR-1,Q6IAA8,28881.52441,15462.03697,20165.14696,22192.28536,26049.04796,27835.21013,27041.8116,23620.514,24754.76638,21828.41814
Activated CDC42 kinase 1 OS=Homo sapiens OX=9606 GN=TNK2 PE=1 SV=3,aLPQNDDHyVMQEHR-1,Q07912,11139.27686,6866.78777,7137.646651,6368.919186,6684.986494,9461.509123,9622.998996,8165.397031,7037.801714,9472.074453
Activated CDC42 kinase 1 OS=Homo sapiens OX=9606 GN=TNK2 PE=1 SV=3,aLPQNDDHyVMQEHRk-1,Q07912,8594.425781,6444.556987,6394.891794,7380.723946,4777.189871,10706.30429,7891.015478,6845.398719,9219.179902,8132.061661
Breast cancer anti-estrogen resistance protein 1 OS=Homo sapiens OX=9606 GN=BCAR1 PE=1 SV=2,aLyDNVAESPDELSFR-1,P56945,10053.17676,9468.481815,8186.069832,14139.64083,11062.75134,11097.57256,12661.45546,9600.008271,9422.269514,10592.8684
Annexin A1 OS=Homo sapiens OX=9606 GN=ANXA1 PE=1 SV=2,aLyEAGER-1,P04083,27639.94727,14708.78471,17461.61661,20190.4102,15664.1779,12992.75598,17935.70899,13039.63146,15696.67544,12803.29564
Enhancer of filamentation 1 OS=Homo sapiens OX=9606 GN=NEDD9 PE=1 SV=1,aNPQERDGVyDVPLHNPPDAk-1,Q14511,372562.6885,316594.943,522361.3907,314177.1937,505265.2946,298499.2139,474496.093,408678.9027,537095.1207,608761.1312
GRB2-associated-binding protein 1 OS=Homo sapiens OX=9606 GN=GAB1 PE=1 SV=2,aPSASVDSSLyNLPR-1,Q13480,110943.5825,12789.60909,27305.5343,31524.45479,38350.54521,36946.04161,38052.43875,29419.86046,26025.50691,20530.36662
Erbin OS=Homo sapiens OX=9606 GN=ERBIN PE=1 SV=2,aQIPEGDyLSYR-1,Q96RT1,116665.574,57921.31639,64000.25636,51444.626,79912.21837,66222.55419,82763.11138,69651.20462,66193.01498,53147.85631
Erbin OS=Homo sapiens OX=9606 GN=ERBIN PE=1 SV=2,aQIPEGDyLSYREFHSAGR-1,Q96RT1,16441.13672,18008.77643,12213.81278,20777.26811,15595.71513,23891.08086,16838.23136,14759.42626,14391.91007,13652.37168
Breast cancer anti-estrogen resistance protein 1 OS=Homo sapiens OX=9606 GN=BCAR1 PE=1 SV=2,aQQGLyQVPGPSPQFQSPPAk-1,P56945,130273.3026,133352.2561,171285.5905,164225.7531,192111.9623,128782.0433,173308.4264,164360.9196,191736.1538,183916.8788
"Keratin, type II cytoskeletal 8 OS=Homo sapiens OX=9606 GN=KRT8 PE=1 SV=7",aQyEDIANR-1,P05787,3924.649902,3122.764732,2571.063996,3073.904474,2615.470595,1928.10343,3303.701105,2469.215835,2445.078748,2176.767061
Pleckstrin homology-like domain family B member 2 OS=Homo sapiens OX=9606 GN=PHLDB2 PE=1 SV=2,aSSESSyLSILPk-1,Q86SQ0,30378.55273,18805.00238,16786.475,24317.03322,24108.07094,32453.32934,26191.66045,19916.3689,23920.81218,25987.19793
Rho GTPase-activating protein 12 OS=Homo sapiens OX=9606 GN=ARHGAP12 PE=1 SV=1,aTTPPNQGRPDSPVyANLQELk-1,Q8IWW6,27336.81738,22449.30775,18358.04748,28650.59595,27545.19248,25866.76095,24714.15234,20625.11354,19290.45929,23839.2281
Rho GTPase-activating protein 12 OS=Homo sapiens OX=9606 GN=ARHGAP12 PE=1 SV=1,aTTPPNQGRPDsPVyANLQELk-2,Q8IWW6,199394.6182,136242.8236,100901.6863,160188.4467,161951.6504,196599.3041,147655.6269,114894.716,147827.7717,142400.4594
Homeodomain-interacting protein kinase 1 OS=Homo sapiens OX=9606 GN=HIPK1 PE=1 SV=1,aVcStYLQSR-1,Q86Z02,1352589.62,1158836.545,1163642.251,1029044.447,911981.5483,1228094.784,1236907.743,1445669.346,1200285.473,1102364.181
Tight junction protein ZO-2 OS=Homo sapiens OX=9606 GN=TJP2 PE=1 SV=2,aYDPDyER-1,Q9UDY2,40790.92188,17931.85805,20376.30724,29459.43139,15378.09838,29404.86713,24043.46853,23703.08729,18328.72221,18577.87624
Retinoic acid-induced protein 3 OS=Homo sapiens OX=9606 GN=GPRC5A PE=1 SV=2,aYSQEEITQGFEETGDTLyAPYSTHFQLQNQPPQk-1,Q8NFJ5,479949.6621,540543.3993,348660.3096,392477.711,481102.0616,464009.9501,430020.9104,493039.2509,383321.6527,459936.1054
Annexin A2 OS=Homo sapiens OX=9606 GN=ANXA2 PE=1 SV=2,ayTNFDAER-1,P07355,45658.30664,24667.6184,31400.87636,27742.48784,38976.23586,33172.9788,57068.7994,29490.34721,35954.1423,30409.55861
Breast cancer anti-estrogen resistance protein 3 OS=Homo sapiens OX=9606 GN=BCAR3 PE=1 SV=1,cLEEHyGTSPGQAR-1,O75815,38996.4292,36448.15,45854.88911,33232.0446,37815.45878,46152.37499,46251.95578,49294.12805,43456.99234,45267.3348
Fructose-bisphosphate aldolase A OS=Homo sapiens OX=9606 GN=ALDOA PE=1 SV=2,cQyVTEk-1,P04075,27791.21484,29210.23137,19979.89066,24280.05556,16418.27699,19442.59693,17984.65416,15911.90191,16225.80082,20079.59791
Profilin-1 OS=Homo sapiens OX=9606 GN=PFN1 PE=1 SV=2,cyEMASHLR-1,P07737,5515.600586,5248.001461,5253.497815,6665.251196,4047.279628,7636.317542,9651.991744,9142.957624,5589.462551,6854.341865
Profilin-1 OS=Homo sapiens OX=9606 GN=PFN1 PE=1 SV=2,cyEMASHLRR-1,P07737,4378.379883,11819.10127,11618.35465,15000.46816,6129.888747,21939.19328,15015.69236,12915.318,11889.62054,14462.6556
GRB2-associated-binding protein 1 OS=Homo sapiens OX=9606 GN=GAB1 PE=1 SV=2,dASSQDcyDIPR-1,Q13480,445946.4131,57232.80168,62470.28848,146285.0455,132537.0626,192736.6758,178946.6457,118878.5885,113889.4302,56629.79627
T-complex protein 1 subunit alpha OS=Homo sapiens OX=9606 GN=TCP1 PE=1 SV=1,dDkHGsYEDAVHSGALND-1,P17987,10915.0918,4283.262431,7161.384134,4282.660389,5109.155109,4070.931632,8037.699175,8488.372596,6330.204576,9898.023677
Partitioning defective 3 homolog B OS=Homo sapiens OX=9606 GN=PARD3B PE=1 SV=2,dGHPLsPERDHLEGLyAk-2,Q8TEW8,7421.138184,9800.245117,7989.093263,8713.895479,9427.13818,8824.881749,7455.452566,7661.097404,7008.360813,8195.171237
Enhancer of filamentation 1 OS=Homo sapiens OX=9606 GN=NEDD9 PE=1 SV=1,dGVyDVPLHNPPDAk-1,Q14511,209225.8516,161178.91,235790.3978,241704.2711,278094.8089,179985.6183,242331.3261,248341.6382,254600.5873,278251.3111
Glycosaminoglycan xylosylkinase OS=Homo sapiens OX=9606 GN=FAM20B PE=1 SV=1,dHVVEGEPyAGYDR-1,O75063,3905.036621,3228.981103,2637.319016,1425.650942,2897.238026,5102.926961,5183.332569,4886.860395,3440.087477,2112.416402
Filamin-B OS=Homo sapiens OX=9606 GN=FLNB PE=1 SV=2,dLDIIDNYDySHTVk-1,O75369,31093.9082,15182.47255,18839.39459,14487.48392,26763.75692,23302.19206,24708.07172,26993.05117,25196.60118,27911.61209
Hepatocyte growth factor receptor OS=Homo sapiens OX=9606 GN=MET PE=1 SV=4,dMYDkEyYSVHNk-1,P08581,66324.42969,46947.39235,44228.7387,43454.52006,25551.60893,74717.74266,64663.24726,84477.85185,51139.16943,48112.59726
Disks large homolog 3 OS=Homo sapiens OX=9606 GN=DLG3 PE=1 SV=2,dNEVDGQDyHFVVSR-1,Q92796,17635.6582,8426.475447,13885.59033,10415.94454,14842.60675,10696.94239,10754.3337,10303.38765,10975.29232,11988.95256
Actin filament-associated protein 1-like 2 OS=Homo sapiens OX=9606 GN=AFAP1L2 PE=1 SV=1,dNHLHFyQDR-1,Q8N4X5,19050.94434,10054.86721,16678.18422,16087.12864,18223.74477,10505.04396,20411.73565,19465.86927,18509.10237,13421.2768
Actin filament-associated protein 1-like 2 OS=Homo sapiens OX=9606 GN=AFAP1L2 PE=1 SV=1,dNHLHFyQDRNR-1,Q8N4X5,2962.73877,2315.949055,3602.592072,3871.639129,2503.340329,5718.002973,2972.549274,2730.106439,3857.6351,2931.60735
Breast cancer anti-estrogen resistance protein 3 OS=Homo sapiens OX=9606 GN=BCAR3 PE=1 SV=1,dPHLLDPTVEyVk-1,O75815,19842.66602,6152.109621,15258.20206,7138.800168,15948.15992,9549.347253,14124.78768,18092.81616,17019.69454,13170.33647
MAGUK p55 subfamily member 5 OS=Homo sapiens OX=9606 GN=MPP5 PE=1 SV=3,dQEVAGRDyHFVSR-1,Q8N3R9,20425.00098,19056.8564,15380.82527,15643.79389,15925.62882,19756.44172,20054.85315,19783.98579,19843.25296,19305.41499
Golgi SNAP receptor complex member 1 OS=Homo sapiens OX=9606 GN=GOSR1 PE=1 SV=1,dRYSsDTTPLLNGSSQDR-1,O95249,9312.631348,11483.40927,8107.279204,9405.969383,10971.73122,13160.38204,12418.28322,11702.30236,17091.64995,11777.64559
GRB2-associated-binding protein 2 OS=Homo sapiens OX=9606 GN=GAB2 PE=1 SV=1,dStYDLPR-1,Q9UQC2,29919.46289,6239.621469,5788.892091,18957.71882,11738.46673,15488.65824,19084.27097,15137.32648,9631.732542,13370.74109
Enhancer of filamentation 1 OS=Homo sapiens OX=9606 GN=NEDD9 PE=1 SV=1,dTIYQVPPsYQNQGIYQVPTGHGTQEQEVYQVPPSVQR-1,Q14511,44307.64258,79639.4277,57917.39715,77871.28579,64303.64471,60759.98173,66802.07772,62805.27201,58818.05161,73469.77541
Enhancer of filamentation 1 OS=Homo sapiens OX=9606 GN=NEDD9 PE=1 SV=1,dTIyQVPPsYQNQGIYQVPTGHGTQEQEVYQVPPSVQR-2,Q14511,27250.52832,33489.80055,24854.02003,32300.13009,30969.24961,30543.94058,33294.52762,33380.01994,24786.37702,29980.49377
60S ribosomal protein L10a OS=Homo sapiens OX=9606 GN=RPL10A PE=1 SV=2,dTLyEAVR-1,P62906,19210.3418,13825.45567,12211.63518,9151.580841,15106.13202,12605.68424,13937.41017,18630.36103,15056.58972,13652.02276
"Keratin, type II cytoskeletal 7 OS=Homo sapiens OX=9606 GN=KRT7 PE=1 SV=5",dVDAAyMSkVELEAk-1,P08729,147003.5283,214290.2525,206871.7332,218680.2189,211144.5404,243156.8057,215070.4374,229414.3323,205844.7192,237092.5816
"Keratin, type II cytoskeletal 8 OS=Homo sapiens OX=9606 GN=KRT8 PE=1 SV=7",dVDEAyMNkVELESR-1,P05787,42247.39063,42731.99454,39071.22255,36026.67047,41843.37599,38230.40111,44129.74061,45322.66273,48435.79394,50786.91683
Breast cancer anti-estrogen resistance protein 1 OS=Homo sapiens OX=9606 GN=BCAR1 PE=1 SV=2,dVPDGPLLREEtYDVPPAFAk-1,P56945,451796.8584,300871.6668,394002.7657,335680.9884,486090.8414,327188.794,431796.6818,398534.4634,457707.6387,474124.6678
Partitioning defective 3 homolog OS=Homo sapiens OX=9606 GN=PARD3 PE=1 SV=2,dVTIGGSAPIyVk-1,Q8TEW0,15425.18164,8005.711503,12368.64981,10245.4926,12298.57831,10523.12961,11854.91604,13766.60746,11380.99286,11301.96034
Enhancer of filamentation 1 OS=Homo sapiens OX=9606 GN=NEDD9 PE=1 SV=1,dVYDIPPSHTTQGVyDIPPSSAk-1,Q14511,295897.4312,354039.7346,319009.817,390603.8161,327798.7993,332824.1187,389419.1211,355030.295,334790.0206,358287.9822
"RNA-binding motif protein, X chromosome OS=Homo sapiens OX=9606 GN=RBMX PE=1 SV=3",dVyLSPR-1,P38159,16183.85254,15289.20979,12655.28633,7735.941695,12574.36658,14445.33098,14542.30151,15566.53991,15141.51909,13360.77316
Enhancer of filamentation 1 OS=Homo sapiens OX=9606 GN=NEDD9 PE=1 SV=1,dyDFPPPMR-1,Q14511,13310.14355,12007.44984,14068.76245,19401.33095,13227.26519,16438.20361,15918.55954,14142.74242,19300.33985,16430.22519
Brain-specific angiogenesis inhibitor 1-associated protein 2-like protein 1 OS=Homo sapiens OX=9606 GN=BAIAP2L1 PE=1 SV=2,dyDTLSk-1,Q9UHR4,66389.3125,12644.00344,14366.39102,11160.00829,18705.60737,14729.96445,15933.80159,12945.71225,8668.15201,9869.165704
"Keratin, type I cytoskeletal 19 OS=Homo sapiens OX=9606 GN=KRT19 PE=1 SV=4",dYSHyYTTIQDLR-1,P08727,19692.18945,12063.67132,13640.57773,12506.24357,15199.48557,15758.65103,16934.68109,13867.45715,14537.59449,15136.77253
Talin-1 OS=Homo sapiens OX=9606 GN=TLN1 PE=1 SV=3,eAAyHPEVAPDVR-1,Q9Y490,4003.579346,2116.683754,5286.600201,3425.076997,3073.215507,3547.839479,5359.560013,5352.029181,3854.795443,5160.49601
Ankyrin repeat and SAM domain-containing protein 1A OS=Homo sapiens OX=9606 GN=ANKS1A PE=1 SV=4,eEDEHPyELLLTAETk-1,Q92625,142588.4219,102311.1137,184685.2303,138903.7768,190628.5594,112469.4744,175289.2329,180451.4007,210937.2991,207895.932
Ankyrin repeat and SAM domain-containing protein 1A OS=Homo sapiens OX=9606 GN=ANKS1A PE=1 SV=4,eEDEHPyELLLTAETkk-1,Q92625,31657.5957,34910.82997,49381.01688,40035.29522,49909.49131,34664.52203,40822.04518,46302.84067,48615.91816,53057.23026
Intersectin-2 OS=Homo sapiens OX=9606 GN=ITSN2 PE=1 SV=3,eEPEALyAAVNk-1,Q9NZM3,26052.46094,7460.613399,13909.63991,7129.376127,16252.58212,8661.659231,11156.86988,13811.70407,13694.12754,11418.92949
Breast cancer anti-estrogen resistance protein 1 OS=Homo sapiens OX=9606 GN=BCAR1 PE=1 SV=2,eETyDVPPAFAk-1,P56945,18798.72266,21967.70178,15535.41308,33083.86953,24648.00212,26486.48062,28271.41237,22920.39715,23713.45343,19384.16587
Partitioning defective 3 homolog OS=Homo sapiens OX=9606 GN=PARD3 PE=1 SV=2,eGHMMDALyAQVk-1,Q8TEW0,7432.173828,6911.1344,6836.796121,9630.099479,6230.43428,11478.21023,9162.380512,10664.08803,12154.48363,12081.31287
Pleckstrin homology-like domain family B member 2 OS=Homo sapiens OX=9606 GN=PHLDB2 PE=1 SV=2,eGLyLSDTLPR-1,Q86SQ0,15741.99414,13684.4729,8655.495176,14237.59715,13534.32515,13345.3635,11392.01039,10370.59736,12317.34276,13848.26136
Elongation factor 1-alpha 1 OS=Homo sapiens OX=9606 GN=EEF1A1 PE=1 SV=1,eHALLAyTLGVk-1,P68104,36765.4043,25564.15739,26626.66471,23334.2649,19693.98845,27722.68161,25286.11418,26483.36719,32388.80631,28328.41772
Ras GTPase-activating protein 1 OS=Homo sapiens OX=9606 GN=RASA1 PE=1 SV=1,eIyNTIR-1,P20936,25976.25781,12395.03708,12671.80824,5711.92484,13319.43873,10576.63956,12312.13172,13381.31177,13092.23248,12623.9997
Tyrosine-protein kinase Lyn OS=Homo sapiens OX=9606 GN=LYN PE=1 SV=3,ekAEERPTFDYLQSVLDDFYTATEGQyQQQP-1,P07948,8520.21582,9077.078927,8794.374905,9021.690018,10705.72468,9716.592778,11399.54442,10578.02545,12825.14397,14621.70237
Enhancer of filamentation 1 OS=Homo sapiens OX=9606 GN=NEDD9 PE=1 SV=1,ekDyDFPPPMR-1,Q14511,118641.7422,114799.7295,165552.5078,92594.88647,139168.1325,122439.8013,148449.2604,173707.322,168701.3966,192108.6092
Ras and Rab interactor 1 OS=Homo sapiens OX=9606 GN=RIN1 PE=1 SV=4,ekPAQDPLyDVPNASGGQAGGPQRPGR-1,Q13671,319208.2328,385351.6807,463185.4547,447267.9186,483143.226,491435.7707,448444.3981,500024.7779,617767.4746,551476.8966
SH3 and multiple ankyrin repeat domains protein 2 OS=Homo sapiens OX=9606 GN=SHANK2 PE=1 SV=3,eLDRYSLDSEDLySR-1,Q9UPX8,16472.37891,21483.03975,10460.04587,17229.28191,19239.93971,22943.78368,16387.85968,16815.74454,18944.45629,17154.1261
SHC-transforming protein 1 OS=Homo sapiens OX=9606 GN=SHC1 PE=1 SV=4,eLFDDPSyVNVQNLDk-1,P29353,649752.436,194546.6582,310458.4713,226401.7827,435592.5272,274070.0315,400011.1136,365830.3513,319233.7215,258599.6623
SHC-transforming protein 1 OS=Homo sapiens OX=9606 GN=SHC1 PE=1 SV=4,eLFDDPsYVNVQNLDkAR-1,P29353,283396.918,426300.9815,252118.2855,642147.7745,363969.4784,789165.9367,390877.5472,283074.6199,369190.6062,313694.8182
Phosphoglycerate kinase 1 OS=Homo sapiens OX=9606 GN=PGK1 PE=1 SV=3,eLNyFAk-1,P00558,123938.918,80636.53668,92746.49376,107459.9045,94912.33245,110174.0589,125939.9361,134770.0021,106486.2546,135407.5013
Engulfment and cell motility protein 2 OS=Homo sapiens OX=9606 GN=ELMO2 PE=1 SV=2,ePSSYDFVYHyG-1,Q96JJ3,58461.28125,29393.19188,30411.26309,28564.9513,38979.34202,28570.99501,36616.20617,37835.26869,38197.75947,38607.67556
Ras and Rab interactor 1 OS=Homo sapiens OX=9606 GN=RIN1 PE=1 SV=4,eQGyHRLPPGALAHR-1,Q13671,3210.850586,1252.041718,4044.96227,1831.474147,4499.777013,1351.320666,2408.848804,2260.676823,4573.883095,4964.140947
Partitioning defective 3 homolog OS=Homo sapiens OX=9606 GN=PARD3 PE=1 SV=2,eRDyAEIQDFHR-1,Q8TEW0,71200.93018,57301.62255,32823.22954,59291.01395,68533.78982,64440.9096,47277.83263,44447.85338,61245.77858,59995.50951
Tensin-3 OS=Homo sapiens OX=9606 GN=TNS3 PE=1 SV=2,eSMcSTPAFPVSPETPyVk-1,Q68CZ2,180258.3789,130130.278,155493.3938,136759.4265,160853.8205,150851.738,169234.2465,171949.9375,171624.8137,184605.706
Engulfment and cell motility protein 2 OS=Homo sapiens OX=9606 GN=ELMO2 PE=1 SV=2,eVcDGWSLPNPEyYTLR-1,Q96JJ3,9783.212402,7476.455485,5464.144242,9729.886307,6445.902415,7957.888316,4592.712105,12508.52804,9017.176867,5524.444183
Neuroblast differentiation-associated protein AHNAK OS=Homo sapiens OX=9606 GN=AHNAK PE=1 SV=2,eVFSScSSEVVLSGDDEEyQRIYTTk-1,Q09666,30594.01758,10883.23233,12837.61711,11691.85332,17844.4713,15870.49383,13407.61006,9774.446136,7692.954454,7405.678591
Tyrosine-protein kinase JAK2 OS=Homo sapiens OX=9606 GN=JAK2 PE=1 SV=2,eVGDyGQLHETEVLLk-1,O60674,12916.05469,10762.77595,10640.7182,13772.32914,11553.85989,13687.01012,16034.50494,12716.79485,16068.03143,11840.7844
Target of Myb protein 1 OS=Homo sapiens OX=9606 GN=TOM1 PE=1 SV=2,eVkyEAPQATDGLAGALDAR-1,O60784,45110.67188,11259.53239,12974.40206,26101.48457,20668.53273,24983.27935,22451.81728,17744.89178,17535.28862,22129.33791
Disintegrin and metalloproteinase domain-containing protein 9 OS=Homo sapiens OX=9606 GN=ADAM9 PE=1 SV=1,eVPIyANR-1,Q13443,120127.125,67592.12564,51850.07268,45764.37167,79807.36386,82206.10091,82217.42374,74452.31491,72651.46745,62831.81152
Cysteine-rich protein 1 OS=Homo sapiens OX=9606 GN=CRIP1 PE=1 SV=3,eVyFAER-1,P50238,102796.7949,32468.49949,37796.88877,31112.06955,49264.68282,32254.69051,45728.42692,50601.20529,50006.55661,51625.80024
Phosphatidylinositol 3-kinase regulatory subunit beta OS=Homo sapiens OX=9606 GN=PIK3R2 PE=1 SV=2,eYDQLyEEYTR-1,O00459,181244.4648,102221.6609,144043.209,145823.7733,142067.1246,135328.7247,144833.8204,147426.3551,162054.5806,157048.8038
Phosphatidylinositol 3-kinase regulatory subunit alpha OS=Homo sapiens OX=9606 GN=PIK3R1 PE=1 SV=2,eYDRLyEEYTR-1,P27986,34935.96875,20795.25145,22030.7882,28924.16257,25900.57725,36540.41237,33174.33287,45718.38965,28463.97705,26782.89576
Afadin OS=Homo sapiens OX=9606 GN=AFDN PE=1 SV=3,eyFTFPASk-1,P55196,581378.625,133665.1544,159580.7986,125984.5465,213280.9661,170748.5568,205608.0605,182590.225,138459.2815,107471.6941
Zinc finger protein 185 OS=Homo sapiens OX=9606 GN=ZNF185 PE=1 SV=3,eyVNASEVSSGkPVSAR-1,O15231,68738.95313,13523.24682,22223.46966,10907.64758,21763.6399,15378.97459,25517.2689,19942.04765,13945.75925,13848.0869
Eukaryotic translation initiation factor 1b OS=Homo sapiens OX=9606 GN=EIF1B PE=1 SV=2,fAcNGTVIEHPEyGEVIQLQGDQR-1,O60739,8763.371094,8494.136864,7681.860924,11008.52782,10544.4659,7905.788242,9594.610984,7852.171632,8717.358413,8776.99727
Disintegrin and metalloproteinase domain-containing protein 9 OS=Homo sapiens OX=9606 GN=ADAM9 PE=1 SV=1,fAVPtYAAk-1,Q13443,28983.32813,55325.28088,28045.7929,54402.3305,31808.6591,54042.20135,28563.18988,26898.005,30845.43252,34638.98353
Catenin delta-1 OS=Homo sapiens OX=9606 GN=CTNND1 PE=1 SV=1,fHPEPyGLEDDQR-1,O60716,21532.68359,23886.27385,16736.07602,19623.77387,20343.12595,21672.81023,17916.23123,16063.48683,17917.26762,18279.73503
Paxillin OS=Homo sapiens OX=9606 GN=PXN PE=1 SV=3,fIHQQPQSSSPVyGSSAk-1,P49023,2357552.287,2175019.447,2429318.816,2079322.971,1715496.845,2135221.632,2533654.818,2596596.147,2600592.843,2830277.057
Paxillin OS=Homo sapiens OX=9606 GN=PXN PE=1 SV=3,fIHQQPQsSSPVyGSSAk-2,P49023,404647.3809,376771.6133,446082.2431,412828.3703,391089.2074,466899.1683,485574.3866,468569.8075,453272.8766,456974.8653
Ephrin type-B receptor 3 OS=Homo sapiens OX=9606 GN=EPHB3 PE=1 SV=2,fLEDDPSDPtYTSSLGGk-1,P54753,19321.76563,14455.36926,16407.80649,14672.25789,21015.83743,15042.68742,14285.13976,17259.47403,15138.17706,15895.17896
Phosphoglycerate mutase 1 OS=Homo sapiens OX=9606 GN=PGAM1 PE=1 SV=2,fSGWyDADLSPAGHEEAkR-1,P18669,8478.733398,9530.412285,8132.550402,9004.583769,9907.894695,8719.730266,8180.867901,9456.8198,6513.696228,7290.921243
Sodium-coupled neutral amino acid transporter 2 OS=Homo sapiens OX=9606 GN=SLC38A2 PE=1 SV=2,fSISPDEDSSSYSSNSDFNySYPTk-1,Q96QD8,20482.08008,22242.51346,20076.42633,31904.0464,23293.95639,29849.7245,25588.05704,22959.64825,28857.9829,28961.28
SRC kinase signaling inhibitor 1 OS=Homo sapiens OX=9606 GN=SRCIN1 PE=1 SV=4,gEGLyADPYGLLHEGR-1,Q9C0H9,6728.119141,3761.274504,3896.187378,6610.02013,5608.539981,7529.76341,5313.483708,5194.737329,3576.555406,6126.031063
Glycogen synthase kinase-3 alpha OS=Homo sapiens OX=9606 GN=GSK3A PE=1 SV=2,gEPNVsYIcSR-1,P49840,121652073.9,106850212.7,111112729.6,75122634.27,93172853.72,96062301.07,117555994.3,120174055.3,118720293.8,115320696.8
Centrosomal protein of 89 kDa OS=Homo sapiens OX=9606 GN=CEP89 PE=1 SV=3,gGHSDDLyAVPHR-1,Q96ST8,3836.52124,1873.368928,2656.09705,1789.636936,3617.863625,1901.583053,2569.630977,1867.449484,2200.733383,2494.423986
Lipoma-preferred partner OS=Homo sapiens OX=9606 GN=LPP PE=1 SV=1,gGMDYAyIPPPGLQPEPGYGYAPNQGR-1,Q93052,18427.43896,31555.45693,21493.11216,32971.20629,22978.27693,35350.89797,27486.35385,26703.18188,25853.56317,33850.20242
Annexin A1 OS=Homo sapiens OX=9606 GN=ANXA1 PE=1 SV=2,gGPGSAVSPyPTFNPSSDVAALHk-1,P04083,15299.29883,12036.97627,9200.809865,12832.57593,13118.41813,10406.98221,11429.47924,12062.59082,12450.02684,10516.25694
Plakophilin-3 OS=Homo sapiens OX=9606 GN=PKP3 PE=1 SV=1,gGVGSRADyDTLSLR-1,Q9Y446,6138.309082,5864.527579,4960.208798,6026.693967,4988.52313,9502.937306,4770.98842,4827.672616,6173.988486,4845.366007
Tyrosine-protein phosphatase non-receptor type 11 OS=Homo sapiens OX=9606 GN=PTPN11 PE=1 SV=2,gHEyTNIk-1,Q06124,20080.79102,9228.025922,10611.32057,6185.395338,11978.32545,7916.083975,14121.06971,12460.01047,13175.24906,10304.81478
Sodium/potassium-transporting ATPase subunit alpha-1 OS=Homo sapiens OX=9606 GN=ATP1A1 PE=1 SV=1,gIVVyTGDR-1,P05023,76706.6875,109573.8539,98927.56791,29057.0136,98474.80325,57147.99332,63056.4563,197099.3141,173949.8555,277808.7416
Mitogen-activated protein kinase 7 OS=Homo sapiens OX=9606 GN=MAPK7 PE=1 SV=2,gLcTSPAEHQYFMTEyVATR-1,Q13164,10919.42285,10599.93075,7741.405121,13204.81646,12040.51647,10282.84131,11719.13549,12040.32731,11747.74463,10874.34005
Breast cancer anti-estrogen resistance protein 1 OS=Homo sapiens OX=9606 GN=BCAR1 PE=1 SV=2,gLLPSQYGQEVyDTPPMAVk-1,P56945,41162.04004,57890.62256,47017.78439,81165.65797,63876.58216,76596.20465,69393.21433,56045.48463,72346.74413,78428.15235
Breast cancer anti-estrogen resistance protein 1 OS=Homo sapiens OX=9606 GN=BCAR1 PE=1 SV=2,gLPPSNHHAVyDVPPSVSk-1,P56945,37097.51001,35844.12074,46619.71239,38261.4704,42514.56755,35902.65994,48962.50884,45798.13714,42580.87433,45447.76975
Calponin-3 OS=Homo sapiens OX=9606 GN=CNN3 PE=1 SV=1,gMSVyGLGR-1,Q15417,13612.13184,10415.41464,11877.74589,19008.26826,12043.76357,18011.75195,17653.07501,15841.69614,15210.15445,12870.80689
Breast cancer anti-estrogen resistance protein 1 OS=Homo sapiens OX=9606 GN=BCAR1 PE=1 SV=2,gPNGRDPLLEVyDVPPSVEk-1,P56945,247879.677,248968.2285,258210.6746,342489.6006,304211.4477,309733.8693,308052.8323,241360.7797,322532.3075,303865.574
Enhancer of filamentation 1 OS=Homo sapiens OX=9606 GN=NEDD9 PE=1 SV=1,gPVFSVPVGEIkPQGVyDIPPTk-1,Q14511,147296.1353,180262.8436,213108.1681,202619.6813,193672.9392,198378.9829,200279.8038,207553.4285,229255.3748,240776.4649
Src substrate cortactin OS=Homo sapiens OX=9606 GN=CTTN PE=1 SV=2,gPVSGTEPEPVYsMEAADYR-1,Q14247,152572.4395,134719.5102,153638.8699,151700.3276,191259.3639,163092.9736,197852.1995,196823.7898,199727.8003,207143.2974
Tyrosine-protein phosphatase non-receptor type 6 OS=Homo sapiens OX=9606 GN=PTPN6 PE=1 SV=1,gQESEyGNITYPPAMk-1,P29350,13816.47363,20263.94957,19335.65767,20611.64703,17986.94178,29245.70643,18702.63782,17323.95339,17732.14354,22101.23806
Tyrosine-protein kinase receptor UFO OS=Homo sapiens OX=9606 GN=AXL PE=1 SV=4,gQTPYPGVENSEIyDYLR-1,P30530,9092.116211,6689.102042,5726.166332,12798.19787,13881.23881,14981.43436,15802.50751,23968.94842,7608.615379,18158.0605
Plakophilin-3 OS=Homo sapiens OX=9606 GN=PKP3 PE=1 SV=1,gQyHTLQAGFSSR-1,Q9Y446,158907.7065,42465.97852,30971.57834,34755.12149,57920.76132,80600.47316,66796.08581,49760.35584,46399.3626,48246.5979
Epidermal growth factor receptor OS=Homo sapiens OX=9606 GN=EGFR PE=1 SV=2,gSHQISLDNPDyQQDFFPk-1,P00533,148220.1133,135083.97,107643.0098,125028.3139,133220.5299,148445.1406,130290.4237,122630.6843,115668.8577,119877.4742
GRB2-associated-binding protein 2 OS=Homo sapiens OX=9606 GN=GAB2 PE=1 SV=1,gSLTGSETDNEDVyTFk-1,Q9UQC2,34419.70313,14079.88109,14871.78771,20701.2734,22380.73885,18353.58122,21335.11094,21031.41675,20283.75866,19398.14089
Serine/arginine-rich splicing factor 9 OS=Homo sapiens OX=9606 GN=SRSF9 PE=1 SV=1,gsPHYFSPFRPY-1,Q13242,72506,55993.02207,60454.58408,54234.41601,54409.18957,41578.50886,70986.97404,72678.14366,58753.15517,63425.76842
Epidermal growth factor receptor OS=Homo sapiens OX=9606 GN=EGFR PE=1 SV=2,gSTAENAEyLR-1,P00533,63318.41602,26777.80999,29014.81994,26895.05992,33153.79326,44905.8014,40659.08055,34031.01985,28618.47377,24919.5817
Dedicator of cytokinesis protein 1 OS=Homo sapiens OX=9606 GN=DOCK1 PE=1 SV=2,gSVADyGNLMENQDLLGSPTPPPPPPHQR-1,Q14185,8241.823242,10385.26738,7352.45234,11542.33876,11053.03593,11248.91214,9308.102091,10373.33229,7639.241282,8644.825943
Desmoplakin OS=Homo sapiens OX=9606 GN=DSP PE=1 SV=3,gVITDQNSDGycQTGTMSR-1,P15924,9133.160645,11475.73967,9183.117855,5841.386555,7936.143772,11760.7127,11296.24131,11382.20947,6820.438103,12518.41198
Enhancer of filamentation 1 OS=Homo sapiens OX=9606 GN=NEDD9 PE=1 SV=1,gVyAIPPSAcR-1,Q14511,112037.9487,76468.5077,145100.1961,69044.36158,133605.2107,74931.23583,116858.4358,121769.3698,139686.9019,134826.5514
Phospholipid-transporting ATPase IC OS=Homo sapiens OX=9606 GN=ATP8B1 PE=1 SV=3,gyADLISSGR-1,O43520,16550.2168,21193.25605,12646.69107,7739.415381,23874.58898,17314.89952,16506.5652,28822.86631,46095.35927,72648.77274
"Actin, cytoplasmic 1 OS=Homo sapiens OX=9606 GN=ACTB PE=1 SV=1",gySFTTTAER-1,P60709,81433.07031,54153.92554,70958.57086,60032.84462,54503.49099,60797.32202,75759.88158,73395.83066,60444.50474,73899.45177
Mitogen-activated protein kinase 13 OS=Homo sapiens OX=9606 GN=MAPK13 PE=1 SV=1,hADAEMTGyVVTR-1,O15264,105653.6821,122708.9555,126597.9792,106647.6679,98895.8704,171661.0161,158775.564,149727.3865,140176.389,143055.1204
Cystatin-B OS=Homo sapiens OX=9606 GN=CSTB PE=1 SV=2,hDELtYF-1,P04080,26674.5293,9076.629532,12346.78693,7853.394744,12803.43248,12567.40707,14911.18149,13185.59227,20654.1983,14472.17689
Cofilin-1 OS=Homo sapiens OX=9606 GN=CFL1 PE=1 SV=3,hELQANcyEEVkDR-1,P23528,13883.31738,6991.383998,8748.608892,7972.23763,10935.1899,11007.38292,14126.61298,12987.68911,11999.81498,14600.30414
Breast cancer anti-estrogen resistance protein 3 OS=Homo sapiens OX=9606 GN=BCAR3 PE=1 SV=1,hGETFTFRDPHLLDPTVEyVk-1,O75815,68418.73828,39050.97244,66138.65784,32807.31911,76832.24025,41001.27431,66491.84896,71450.92538,68103.37891,56310.3516
Tyrosine-protein kinase FRK OS=Homo sapiens OX=9606 GN=FRK PE=1 SV=1,hGHyFVALFDYQAR-1,P42685,59433.31348,32051.11721,47022.13909,34664.15858,38722.07261,49312.34209,53117.15902,28186.63366,56421.0121,34351.04683
ARF GTPase-activating protein GIT1 OS=Homo sapiens OX=9606 GN=GIT1 PE=1 SV=2,hGSGADSDyENTQSGDPLLGLEGk-1,Q9Y2X7,7888.415527,11319.18225,9024.73414,9979.517469,10429.95713,9305.439315,10680.47412,9569.871326,10085.74169,8945.13785
ARF GTPase-activating protein GIT1 OS=Homo sapiens OX=9606 GN=GIT1 PE=1 SV=2,hGSGADSDyENTQSGDPLLGLEGkR-1,Q9Y2X7,10673.10742,21036.11376,12469.96186,16327.15228,13162.44195,29729.25576,19011.43492,18351.90027,22214.99933,18169.88036
Uncharacterized protein C6orf132 OS=Homo sapiens OX=9606 GN=C6orf132 PE=1 SV=4,hkAPGSADyGFAPAAGR-1,Q5T0Z8,25216.16699,13407.80665,8625.697069,12737.98443,12721.53016,18101.64325,11929.55905,10610.42509,13291.19584,12338.7589
Breast cancer anti-estrogen resistance protein 1 OS=Homo sapiens OX=9606 GN=BCAR1 PE=1 SV=2,hLLAPGPQDIyDVPPVR-1,P56945,339537.1128,443568.8413,384456.0391,612084.1041,473606.0559,582310.3354,511305.8448,339407.3391,517279.9082,438427.4137
GRB2-associated-binding protein 2 OS=Homo sapiens OX=9606 GN=GAB2 PE=1 SV=1,hNTEFRDSTyDLPR-1,Q9UQC2,58807.22314,37497.989,19985.84574,54484.64978,32517.50876,68056.06976,52389.58788,37129.06543,27581.9062,27901.2587
Tensin-1 OS=Homo sapiens OX=9606 GN=TNS1 PE=1 SV=2,hPAGVyQVSGLHNk-1,Q9HBL0,5778.380127,7140.482964,9938.278026,7067.556035,9783.034918,9027.916131,10208.97637,9922.524578,8602.82279,10221.34414
Tight junction protein ZO-2 OS=Homo sapiens OX=9606 GN=TJP2 PE=1 SV=2,hPDIyAVPIk-1,Q9UDY2,47903.93359,6227.689628,19305.98733,10066.71253,21224.03067,8601.072104,19555.98494,20602.60799,16428.57489,15638.65593
Enhancer of filamentation 1 OS=Homo sapiens OX=9606 GN=NEDD9 PE=1 SV=1,hQSLSPNHPPPQLGQSVGSQNDAyDVPR-1,Q14511,28022.55969,42100.66176,31313.0713,40514.56502,34231.36365,30016.91237,34818.24147,35676.13273,37502.3528,38752.62581
Mitogen-activated protein kinase 14 OS=Homo sapiens OX=9606 GN=MAPK14 PE=1 SV=3,hTDDEMTGyVATR-1,Q16539,588689.553,462773.2597,588011.6088,431975.4554,381972.5965,797149.0338,776585.4515,550800.689,789851.0294,629976.9229
Tensin-1 OS=Homo sapiens OX=9606 GN=TNS1 PE=1 SV=2,hVAyGGYSTPEDR-1,Q9HBL0,6854.444946,9123.561815,12126.32942,8206.079578,9079.169902,8647.799035,14019.73135,12155.43614,11489.45864,10887.23087
Tensin-1 OS=Homo sapiens OX=9606 GN=TNS1 PE=1 SV=2,hVAYGGySTPEDRRPTLSR-1,Q9HBL0,2517.065674,5994.276427,3543.952095,5921.734032,3665.050951,4146.78579,3523.335789,4332.917003,6149.334485,6163.727556
Phosphatidylinositol transfer protein alpha isoform OS=Homo sapiens OX=9606 GN=PITPNA PE=1 SV=2,hVEAVyIDIADR-1,Q00169,2613.523926,1066.247271,2220.556352,1067.629478,1317.896919,923.623385,2301.184605,1324.447732,1477.776524,881.6720484
Uncharacterized protein C11orf52 OS=Homo sapiens OX=9606 GN=C11orf52 PE=1 SV=2,hVHLENAtEYATLR-1,Q96A22,57814.85156,27812.68818,48177.67284,30863.80804,58385.37904,36614.82125,41889.94111,41953.06971,43790.24167,48679.75682
Catenin delta-1 OS=Homo sapiens OX=9606 GN=CTNND1 PE=1 SV=1,hYEDGYPGGSDNyGSLSR-1,O60716,195058.4907,87054.11248,72624.61591,70853.91109,92264.83471,131665.5183,122788.0846,74673.23346,74986.31048,70358.16829
Phosphoglycerate mutase 1 OS=Homo sapiens OX=9606 GN=PGAM1 PE=1 SV=2,hyGGLTGLNk-1,P18669,59852.06641,30338.71766,47000.39033,24361.97976,45390.99578,27583.01112,49833.35106,65985.82254,49850.36006,49110.95399
Phosphoglycerate mutase 1 OS=Homo sapiens OX=9606 GN=PGAM1 PE=1 SV=2,hyGGLTGLNkAETAAk-1,P18669,38773.15674,55592.40053,44483.99795,56595.17811,43124.60957,54835.80572,51229.72144,49548.11451,46822.23736,53455.08146
Mitogen-activated protein kinase 3 OS=Homo sapiens OX=9606 GN=MAPK3 PE=1 SV=4,iADPEHDHTGFLTEyVATR-1,P27361,15756727.41,1339170.711,5718732.544,4222641.836,8700136.873,3767255.029,7039653.202,5770082.848,12746725.34,6651965.107
Mitogen-activated protein kinase 3 OS=Homo sapiens OX=9606 GN=MAPK3 PE=1 SV=4,iADPEHDHTGFLtEyVATR-2,P27361,195312.4512,102094.9959,205852.8178,394389.0912,156064.7925,153135.8924,263122.1651,135505.4959,164128.7811,134667.4012
Phosphoglucomutase-1 OS=Homo sapiens OX=9606 GN=PGM1 PE=1 SV=3,iALyETPTGWk-1,P36871,1770.81897,1273.224917,2336.653572,1349.491121,2936.795696,2127.515318,3159.138887,9403.398514,2051.765051,4352.327064
Docking protein 1 OS=Homo sapiens OX=9606 GN=DOK1 PE=1 SV=1,iAPcPSQDSLYsDPLDSTSAQAGEGVQR-1,Q99704,9561.790039,12567.78017,6343.938825,15428.92363,16796.15973,10525.4052,9141.649778,8020.495983,9674.37796,9272.198232
Protein SETSIP OS=Homo sapiens OX=9606 GN=SETSIP PE=1 SV=1,iDFYFDENPyFENk-1,P0DME0,1798.103271,3282.594274,2562.085173,2830.868235,2397.347262,3400.663706,3147.451674,2658.977761,2289.610733,2665.545905
60S ribosomal protein L35a OS=Homo sapiens OX=9606 GN=RPL35A PE=1 SV=2,iEGVyAR-1,P18077,17940.95508,9038.616934,8987.447242,10564.23438,12684.413,11614.3585,13710.2003,15612.07478,13806.17617,12355.58237
Cyclin-dependent kinase 1 OS=Homo sapiens OX=9606 GN=CDK1 PE=1 SV=3,iEkIGEGTyGVVYk-1,P06493,240647.3792,2169237.7,691476.5044,1645385.447,723033.7751,2312555.639,799010.6971,681990.1489,910218.634,1022511.078
Protein BRICK1 OS=Homo sapiens OX=9606 GN=BRK1 PE=1 SV=1,iEyIEAR-1,Q8WUW1,18668.97656,14007.38846,13593.92795,15216.43455,13621.60591,17537.28978,15369.80963,14431.92148,15221.87845,15234.94846
Cyclin-dependent-like kinase 5 OS=Homo sapiens OX=9606 GN=CDK5 PE=1 SV=3,iGEGtYGTVFk-1,Q00535,178732.5781,217306.4652,175886.3669,165045.1221,178147.7204,191631.6826,184841.9892,175064.435,199079.4323,187233.3965
Cyclin-dependent kinase 2 OS=Homo sapiens OX=9606 GN=CDK2 PE=1 SV=2;Cyclin-dependent kinase 1 OS=Homo sapiens OX=9606 GN=CDK1 PE=1 SV=3,iGEGTyGVVYk-1,P24941,132952719.2,215506804.3,153023203.6,123313778.2,169108908.5,196781173.7,179832073.2,196082031.1,194922307.7,190214952.6
Cyclin-dependent kinase 2 OS=Homo sapiens OX=9606 GN=CDK2 PE=1 SV=2;Cyclin-dependent kinase 1 OS=Homo sapiens OX=9606 GN=CDK1 PE=1 SV=3,iGEGtyGVVYk-2,P24941,159786.45,213285.6476,570216.9011,528538.5756,180401.6803,425456.9782,364335.2132,155943.4939,145829.3835,166484.8645
Cyclin-dependent kinase 2 OS=Homo sapiens OX=9606 GN=CDK2 PE=1 SV=2,iGEGTyGVVYkAR-1,P24941,215209.168,195984.6581,307391.1245,165303.8541,274883.1925,156628.8855,235278.8422,315891.0383,271616.8817,249603.959
Cyclin-dependent kinase 1 OS=Homo sapiens OX=9606 GN=CDK1 PE=1 SV=3,iGEGTyGVVYkGR-1,P06493,300649.6987,1500015.771,611372.4743,1211673.498,498637.1921,1634093.645,622595.1365,567689.1519,580912.9067,692617.3185
Talin-1 OS=Homo sapiens OX=9606 GN=TLN1 PE=1 SV=3,iGITNHDEySLVR-1,Q9Y490,63632.36914,71393.80967,71524.77376,86697.91186,93370.37821,70036.26071,77479.58317,76296.25366,76757.7974,85843.38282
"1-phosphatidylinositol 4,5-bisphosphate phosphodiesterase gamma-1 OS=Homo sapiens OX=9606 GN=PLCG1 PE=1 SV=1",iGTAEPDyGALYEGR-1,P19174,42199.44922,27864.74832,32911.70625,30484.12616,45821.61701,38798.46555,47089.02665,39196.44064,41788.0987,40164.31086
Ankyrin repeat and SAM domain-containing protein 1A OS=Homo sapiens OX=9606 GN=ANKS1A PE=1 SV=4,iHGSAAREEDEHPyELLLTAETk-1,Q92625,88858.11182,242126.12,156704.4125,204813.0887,135004.4162,164040.0934,168520.9037,195021.0133,197114.7625,235735.2074
Vinculin OS=Homo sapiens OX=9606 GN=VCL PE=1 SV=4,iLLRNPGNQAAyEHFETMk-1,P18206,8959.070313,8918.096087,7365.636884,10805.72587,13768.93876,12421.0719,12975.42052,12938.5779,15138.16729,13832.59107
Tyrosine-protein phosphatase non-receptor type 11 OS=Homo sapiens OX=9606 GN=PTPN11 PE=1 SV=2,iQNTGDyYDLYGGEk-1,Q06124,623934.6484,388636.0077,665522.7929,244612.2603,715775.1313,347015.8012,580651.5524,708874.8982,590303.0604,630444.3452
Band 4.1-like protein 1 OS=Homo sapiens OX=9606 GN=EPB41L1 PE=1 SV=2,iRPGEyEQFESTIGFk-1,Q9H4G0,32823.21094,14507.96335,15443.16091,14655.64789,18667.76272,13239.79876,16813.0423,19106.1691,14088.15781,21253.79609
Partitioning defective 3 homolog OS=Homo sapiens OX=9606 GN=PARD3 PE=1 SV=2,iSHSLySGIEGLDESPSR-1,Q8TEW0,9289.87793,10603.00457,8276.296407,10827.02885,10349.41031,12246.22863,6725.108085,8507.416342,9517.264082,8552.50719
"Threonine--tRNA ligase 1, cytoplasmic OS=Homo sapiens OX=9606 GN=TARS1 PE=1 SV=3",iyGISFPDPk-1,P26639,112110.0518,108018.1435,106062.4633,117934.2045,114666.4324,118514.7965,107852.6075,113667.7344,112316.6834,127082.9295
Tyrosine-protein kinase receptor UFO OS=Homo sapiens OX=9606 GN=AXL PE=1 SV=4,iYNGDyYR-1,P30530,44594.14844,2782.546088,3631.687205,18421.79863,30997.7426,43789.67948,7861.831245,56602.18853,74926.33526,67911.67345
Tyrosine-protein kinase receptor UFO OS=Homo sapiens OX=9606 GN=AXL PE=1 SV=4,iYNGDyYRQGR-1,P30530,16707.94995,4046.901072,2454.384499,52757.942,23601.96871,124246.7434,11166.55673,48192.65102,77242.84031,80073.32812
Dual specificity tyrosine-phosphorylation-regulated kinase 1A OS=Homo sapiens OX=9606 GN=DYRK1A PE=1 SV=2,iYQyIQSR-1,Q13627,9415043.012,10453737.1,9272549.836,5303486.268,6798818.234,10274064.92,9816897.221,9297844.418,9266535.318,10205461.1
Phosphofurin acidic cluster sorting protein 1 OS=Homo sapiens OX=9606 GN=PACS1 PE=1 SV=2,iySLSSQPIDHEGIk-1,Q6VY07,18738.5,14172.83379,14521.44419,15108.69313,19307.21832,16044.68562,21155.14719,20042.78052,19199.60002,21921.1429
Profilin-1 OS=Homo sapiens OX=9606 GN=PFN1 PE=1 SV=2,kcyEMASHLR-1,P07737,7560.370605,4173.656916,7448.122164,5083.893452,5343.577348,8695.749764,8122.961728,12292.29922,7970.274233,9883.58921
GRB2-associated-binding protein 1 OS=Homo sapiens OX=9606 GN=GAB1 PE=1 SV=2,kDASSQDcyDIPR-1,Q13480,120859.0723,13441.4442,27555.58034,35144.01172,33770.28631,48289.02484,49901.36288,40707.79187,29850.13096,16550.10466
Tyrosine-protein kinase Yes OS=Homo sapiens OX=9606 GN=YES1 PE=1 SV=3,kLDNGGyYITTR-1,P07947,132838.0894,150190.9854,148148.681,124990.606,177498.2506,161281.1454,162012,149837.3839,167395.6153,146950.3459
Tensin-3 OS=Homo sapiens OX=9606 GN=TNS3 PE=1 SV=2,kLSLGQyDNDAGGQLPFSk-1,Q68CZ2,397504.1055,326622.8993,309582.6128,272360.6722,264071.1425,280508.5428,282593.1886,307092.3165,312551.269,342536.2628
CTP synthase 1 OS=Homo sapiens OX=9606 GN=CTPS1 PE=1 SV=2,kLYGDADyLEER-1,P17812,46636.24512,56804.1397,60394.14248,50863.02987,65436.61518,64430.16903,64583.94847,66741.55427,68239.84757,70875.56928
Activated CDC42 kinase 1 OS=Homo sapiens OX=9606 GN=TNK2 PE=1 SV=3,kPtYDPVSEDQDPLSSDFk-1,Q07912,131550.4375,48843.67408,55430.66728,45355.9246,81263.14688,50916.46939,57081.56793,70913.01555,53884.65986,58772.98331
Activated CDC42 kinase 1 OS=Homo sapiens OX=9606 GN=TNK2 PE=1 SV=3,kPTyDPVSEDQDPLSSDFkR-1,Q07912,432202.0918,171000.2587,194427.1946,132162.7627,238318.2255,161903.3576,206419.599,218766.973,201247.0149,190623.5032
Caveolae-associated protein 1 OS=Homo sapiens OX=9606 GN=CAVIN1 PE=1 SV=1,kSFTPDHVVyAR-1,Q6NZI2,97071.83984,56420.11585,43733.00032,98381.92784,76828.29537,70680.14049,75609.99936,66942.53747,66231.28869,74675.52976
Tumor susceptibility gene 101 protein OS=Homo sapiens OX=9606 GN=TSG101 PE=1 SV=2,kTAGLSDLy-1,Q99816,22350.44531,58436.53257,33729.66061,32280.89917,36007.70594,50435.40419,36087.9422,33737.7193,34303.20393,43687.78959
Protein CDV3 homolog OS=Homo sapiens OX=9606 GN=CDV3 PE=1 SV=1,kTPQGPPEIySDTQFPSLQSTAk-1,Q9UKY7,42359.48047,41103.80785,34043.62726,50865.85491,45339.54231,57930.23152,54711.93203,40296.01192,33421.10133,42220.32044
TOM1-like protein 2 OS=Homo sapiens OX=9606 GN=TOM1L2 PE=1 SV=1,kTVTyEDPQAVGGLASALDNR-1,Q6ZVM7,18311.80957,13180.51447,8794.663013,17779.99633,15145.85757,18187.19722,13321.30521,11300.20882,12553.24316,13526.71609
Dual adapter for phosphotyrosine and 3-phosphotyrosine and 3-phosphoinositide OS=Homo sapiens OX=9606 GN=DAPP1 PE=1 SV=1,kVEEPSIyESVR-1,Q9UN19,89266.63281,37204.43614,35339.90271,75596.02544,77173.23865,99549.65465,76522.32224,57649.56244,47563.05412,43456.34853
"Thioredoxin reductase 1, cytoplasmic OS=Homo sapiens OX=9606 GN=TXNRD1 PE=1 SV=3",kVVYENAyGQFIGPHR-1,Q16881,36970.73022,46650.01332,46807.9634,54094.82898,48626.74023,50294.70511,42698.34549,41756.25094,42052.07329,45906.02594
"Keratin, type I cytoskeletal 18 OS=Homo sapiens OX=9606 GN=KRT18 PE=1 SV=2",lASyLDR-1,P05783,32802.00781,18337.49208,24982.81723,18992.07103,23199.95135,19347.43294,25060.12828,29253.82209,30148.35826,21994.49626
Serine/threonine-protein kinase PRP4 homolog OS=Homo sapiens OX=9606 GN=PRPF4B PE=1 SV=3,lcDFGSASHVADNDITPyLVSR-1,Q13523,3081750.011,4534779,2912217.936,2412879.013,3191408.052,3498111.879,3504299.926,3831230.946,3326767.243,3630933.587
Leucine rich adaptor protein 1-like OS=Homo sapiens OX=9606 GN=LURAP1L PE=1 SV=2,lDSEyYcFG-1,Q8IV03,6108.211914,6463.670263,5036.347113,6835.484044,6661.514252,5060.732952,3868.134891,4060.835087,3643.18002,4524.286571
"Arf-GAP with Rho-GAP domain, ANK repeat and PH domain-containing protein 1 OS=Homo sapiens OX=9606 GN=ARAP1 PE=1 SV=3",lFPEFDDSDyDEVPEEGPGAPAR-1,Q96P48,3011.500488,8034.354789,3409.651101,8022.210992,7830.615317,5655.590423,6827.371461,7004.278123,5551.394849,7063.643922
NSFL1 cofactor p47 OS=Homo sapiens OX=9606 GN=NSFL1C PE=1 SV=2,lGAAPEEESAyVAGEkR-1,Q9UNZ2,31260.4668,26676.9999,22009.49698,20662.73535,21184.492,27235.39925,21118.7829,22114.24248,17988.57876,22715.24045
Zyxin OS=Homo sapiens OX=9606 GN=ZYX PE=1 SV=1,lGHPEALSAGTGSPQPPSFTyAQQR-1,Q15942,14051.21582,11713.55339,12217.3928,16240.88438,13245.5761,12257.36077,13860.74739,12646.64673,11634.91104,13841.74654
Plakophilin-3 OS=Homo sapiens OX=9606 GN=PKP3 PE=1 SV=1,lGPGGLDDRySLVSEQLEPAATSTYR-1,Q9Y446,233787.9404,77622.26215,68090.55829,75798.99204,115457.8373,138763.7655,100975.9104,78102.6791,63582.61917,56998.15811
Protein SON OS=Homo sapiens OX=9606 GN=SON PE=1 SV=4,lGQDPyRLGHDPYR-1,P18583,17277.98047,19686.66745,15153.26,10794.472,14986.87488,15930.20116,16503.27626,15621.55772,14839.11889,15501.11061
Tyrosine-protein kinase Lck OS=Homo sapiens OX=9606 GN=LCK PE=1 SV=6;Tyrosine-protein kinase Yes OS=Homo sapiens OX=9606 GN=YES1 PE=1 SV=3;Proto-oncogene tyrosine-protein kinase Src OS=Homo sapiens OX=9606 GN=SRC PE=1 SV=3,lIEDNEyTAR-1,P06239,974631.3481,954727.7145,945998.0405,627033.9779,835259.3563,943737.6769,1045903.255,955961.2144,1269132.686,1238040.767
Intersectin-2 OS=Homo sapiens OX=9606 GN=ITSN2 PE=1 SV=3,lIyLVPEk-1,Q9NZM3,43900.67676,42937.44252,34338.0177,34786.12634,44549.8522,38259.93817,41551.86255,43556.74897,45735.65401,41761.17048
Non-receptor tyrosine-protein kinase TYK2 OS=Homo sapiens OX=9606 GN=TYK2 PE=1 SV=3,lLAQAEGEPcyIR-1,P29597,33279.15625,24705.19001,24549.3842,30870.16301,35025.78832,27607.51561,31360.59494,31961.65261,31118.61896,32681.97536
Receptor tyrosine-protein kinase erbB-2 OS=Homo sapiens OX=9606 GN=ERBB2 PE=1 SV=1,lLDIDETEyHADGGkVPIk-1,P04626,67075.64063,33687.63825,41906.2913,25497.60569,50073.78371,29397.58218,33543.00131,40302.08649,41270.89856,49788.26691
Pyruvate kinase PKM OS=Homo sapiens OX=9606 GN=PKM PE=1 SV=4,lNFSHGTHEyHAETIk-1,P14618,24111.71875,17747.38072,20802.09923,17596.20441,21415.60081,15516.88246,25370.88885,26203.92302,25397.85369,26465.35027
SH2 domain-containing adapter protein B OS=Homo sapiens OX=9606 GN=SHB PE=1 SV=2,lPQDDDRPADEyDQPWEWNR-1,Q15464,10548.01074,11008.20975,8098.315279,15792.2536,11996.16794,11315.80358,13383.57759,11984.06191,9886.931958,12502.83074
Src substrate cortactin OS=Homo sapiens OX=9606 GN=CTTN PE=1 SV=2,lPSSPVyEDAASFk-1,Q14247,90768.70313,46915.47881,67180.54165,44432.34865,95449.27077,47426.66822,69357.27395,69796.08181,61759.64987,65764.00961
Plakophilin-4 OS=Homo sapiens OX=9606 GN=PKP4 PE=1 SV=2,lQHQQLyYSQDDSNRk-1,Q99569,4933.027344,2460.425145,2967.96033,2617.072333,2682.520525,2619.74634,3699.044432,1912.007816,2703.470245,3035.102699
Protein CDV3 homolog OS=Homo sapiens OX=9606 GN=CDV3 PE=1 SV=1,lQLDNQyAVLENQk-1,Q9UKY7,39674.57031,21028.6768,23303.86552,26187.69622,31571.38562,38172.97394,30831.94843,23940.87222,16410.01735,19921.67462
Breast cancer anti-estrogen resistance protein 3 OS=Homo sapiens OX=9606 GN=BCAR3 PE=1 SV=1,lSEAySR-1,O75815,93284.80469,67308.48398,85600.45889,65868.50127,67717.56465,70142.00811,86468.59487,77192.74205,93297.98131,87146.44354
Annexin A2 OS=Homo sapiens OX=9606 GN=ANXA2 PE=1 SV=2,lSLEGDHSTPPsAYGSVk-1,P07355,1287970.217,2430107.84,1584845.92,1384563.536,1782123.37,1978547.49,2248947.187,1163006.797,1726386.944,1214158.872
Tensin-3 OS=Homo sapiens OX=9606 GN=TNS3 PE=1 SV=2,lSLGQyDNDAGGQLPFSk-1,Q68CZ2,165805.1221,126784.86,134888.0202,112628.0926,132032.1438,109951.5446,125254.6807,133661.4518,124932.7629,137886.1814
"Keratin, type II cytoskeletal 7 OS=Homo sapiens OX=9606 GN=KRT7 PE=1 SV=5",lSSARPGGLGSSSLyGLGASRPR-1,P08729,97476.30615,132099.1177,104165.9558,144046.3646,126170.0154,131138.5055,105890.7525,113017.7335,112136.3252,112930.7236
"Keratin, type II cytoskeletal 7 OS=Homo sapiens OX=9606 GN=KRT7 PE=1 SV=5",lSSARPGGLGSSsLyGLGASRPR-2,P08729,75581.27051,86490.29561,59370.82687,110736.8252,84562.35909,100390.9274,70688.22374,53366.40488,78393.04938,79746.41571
Protein-tyrosine kinase 6 OS=Homo sapiens OX=9606 GN=PTK6 PE=1 SV=1,lSSFTSyENPT-1,Q13882,67220.0625,63715.46283,58936.25781,54020.48992,66471.81121,66844.61871,62952.85637,57312.33041,62878.74702,63243.55965
Epidermal growth factor receptor kinase substrate 8 OS=Homo sapiens OX=9606 GN=EPS8 PE=1 SV=1,lSTEHSSVSEyHPADGYAFSSNIYTR-1,Q12929,17179.01367,13763.48129,8292.59358,13314.45122,11782.2363,12668.56371,10559.95354,9733.080086,6765.934116,6470.320461
40S ribosomal protein S27 OS=Homo sapiens OX=9606 GN=RPS27 PE=1 SV=3,lVQSPNSyFMDVk-1,P42677,49869.44922,49561.2177,46939.55887,46563.02736,50106.73698,57018.80349,48558.88985,59179.74897,62103.06795,62713.44396
Heat shock protein HSP 90-beta OS=Homo sapiens OX=9606 GN=HSP90AB1 PE=1 SV=4,lVSSPccIVTSTyGWTANMER-1,P08238,2858.750244,2334.862626,2443.999477,5832.962708,3704.413103,6017.164851,5426.18495,4716.392459,4062.417712,4324.973005
"Phosphatidylinositol 3,4,5-trisphosphate 5-phosphatase 2 OS=Homo sapiens OX=9606 GN=INPPL1 PE=1 SV=2",lyEWISIDkDEAGAk-1,O15357,125881.5859,40122.409,32633.15898,59730.69833,72265.73733,68905.76221,67143.81327,62791.66988,52283.82081,47100.04538
Eukaryotic translation initiation factor 2 subunit 2 OS=Homo sapiens OX=9606 GN=EIF2S2 PE=1 SV=2,lyFLQcETcHSR-1,P20042,6268.865234,2939.867057,6434.932006,9357.69771,4722.957365,5765.22574,8669.525545,5940.100443,4915.065007,7855.203594
Enhancer of filamentation 1 OS=Homo sapiens OX=9606 GN=NEDD9 PE=1 SV=1,lyQVPNPQAAPR-1,Q14511,57858.12012,55574.2449,82410.42881,62759.61385,74466.84259,62685.55613,85101.85738,68765.80771,87372.62051,81168.22579
Src substrate cortactin OS=Homo sapiens OX=9606 GN=CTTN PE=1 SV=2,mDkNASTFEDVTQVSSAyQk-1,Q14247,26440.40723,19556.53741,16647.37256,24779.3764,23791.15154,35718.25461,25902.93988,23626.19078,25239.28079,24706.72378
L-lactate dehydrogenase B chain OS=Homo sapiens OX=9606 GN=LDHB PE=1 SV=2,mVVESAyEVIk-1,P07195,29021.75928,26116.63407,29760.02107,34901.78267,32103.68957,29581.14273,33794.61383,30668.00227,31007.40217,34766.64312
Src substrate cortactin OS=Homo sapiens OX=9606 GN=CTTN PE=1 SV=2,nASTFEDVTQVSSAyQk-1,Q14247,27670.26563,13285.23971,19669.50353,15583.79433,22713.36802,15805.1896,18329.69273,16696.95744,15933.94743,15863.0839
Lipoma-preferred partner OS=Homo sapiens OX=9606 GN=LPP PE=1 SV=1,nDSDPtYGQQGHPNTWk-1,Q93052,48432.37891,33486.92013,56354.78178,28101.54443,43549.47963,37707.89993,51557.11862,57027.01782,55256.52585,60036.43259
Lipoma-preferred partner OS=Homo sapiens OX=9606 GN=LPP PE=1 SV=1,nDSDPTyGQQGHPNTWkR-1,Q93052,15636.13721,26114.80379,28091.92353,26738.30859,20465.23295,35075.91599,33030.64641,25071.80436,27155.80614,35834.72244
Rho GTPase-activating protein 35 OS=Homo sapiens OX=9606 GN=ARHGAP35 PE=1 SV=3,nEEENIySVPHDSTQGk-1,Q9NRY4,205882.1406,130705.0076,184642.055,103426.7013,116879.9409,134088.936,158090.1938,201125.0131,181037.3917,189482.4058
Sickle tail protein homolog OS=Homo sapiens OX=9606 GN=KIAA1217 PE=1 SV=2,nEGFyADPYLYHEGR-1,Q5T5P2,27541.8916,16695.84832,23190.53626,23722.21187,23855.31086,23257.72132,22809.26529,23062.83356,23107.69955,25315.07496
Catenin delta-1 OS=Homo sapiens OX=9606 GN=CTNND1 PE=1 SV=1,nFHYPPDGYsR-1,O60716,6706.828125,1915.81988,4553.294078,4385.043864,6068.005858,4457.157063,4019.863308,2881.744417,3592.2115,4379.004294
Transmembrane protein 106B OS=Homo sapiens OX=9606 GN=TMEM106B PE=1 SV=2,nGDVSQFPyVEFTGR-1,Q9NUM4,17166.54297,11463.07698,10341.07313,15682.20606,13278.89104,12488.35376,12302.74254,14876.40648,11081.41668,12642.49971
Roundabout homolog 1 OS=Homo sapiens OX=9606 GN=ROBO1 PE=1 SV=1,nGLTSTyAGIR-1,Q9Y6N7,8702.802734,8625.164757,8139.530649,7230.580236,10487.74798,12618.05693,8322.829715,7418.987893,10442.27978,10586.35586
LIM domain only protein 7 OS=Homo sapiens OX=9606 GN=LMO7 PE=1 SV=3,nHQLYcNDcyLR-1,Q8WWI1,2832.393555,2493.45283,1501.577738,1768.553049,2039.341461,2412.591724,2941.289195,1479.500176,1640.09579,2300.630555
Cyclin-dependent kinase-like 5 OS=Homo sapiens OX=9606 GN=CDKL5 PE=1 SV=1,nLSEGNNANYTEyVATR-1,O76039,27532.69336,16083.7727,26550.39408,12779.28401,24806.97756,25632.05661,23588.58309,22373.52206,23107.22867,23031.36469
Solute carrier family 35 member E1 OS=Homo sapiens OX=9606 GN=SLC35E1 PE=1 SV=2,nNILTDHFQySR-1,Q96K37,12956.70361,12401.31973,11762.70111,21597.63865,23605.44829,29467.56013,28682.42849,23241.57539,32989.35419,30295.3799
Vinculin OS=Homo sapiens OX=9606 GN=VCL PE=1 SV=4,nPGNQAAyEHFETMk-1,P18206,60475.76172,32936.87869,61685.6971,32019.23961,54844.37332,33069.11277,65994.37446,78525.83781,65090.22846,66406.60874
Protein TFG OS=Homo sapiens OX=9606 GN=TFG PE=1 SV=2,nRPPFGQGYTQPGPGyR-1,Q92734,6189.551758,4578.80137,3985.066082,7554.22772,6582.329135,5448.581742,6947.577306,6439.738392,5550.028751,5323.289543
Band 4.1-like protein 2 OS=Homo sapiens OX=9606 GN=EPB41L2 PE=1 SV=1,nSLRVEGDNIyVR-1,O43491,59875.5625,20417.44251,27394.43927,29862.83984,25254.39807,39539.70652,28881.37103,21636.24922,14831.90044,14254.97209
Glucose-6-phosphate 1-dehydrogenase OS=Homo sapiens OX=9606 GN=G6PD PE=1 SV=4,nSYVAGQyDDAASYQR-1,P11413,19122.26953,21813.82111,22507.81546,17150.8264,16371.12835,22283.34076,24515.17269,18907.63412,21639.23684,26269.98625
Caskin-2 OS=Homo sapiens OX=9606 GN=CASKIN2 PE=1 SV=2,nTyNQTALDIVNQFTTSQASR-1,Q8WXE0,2095.527344,2045.055802,1207.005238,1272.677093,1751.979857,1718.365557,2387.19007,1735.930862,1595.663099,2168.651727
Protein kinase C and casein kinase substrate in neurons protein 2 OS=Homo sapiens OX=9606 GN=PACSIN2 PE=1 SV=2,nVSSyEk-1,Q9UNF0,9042.975586,8129.700441,5670.665244,29795.6432,3398.217434,24532.19111,10997.67524,7173.659378,7500.963612,9501.478184
Golgin subfamily A member 4 OS=Homo sapiens OX=9606 GN=GOLGA4 PE=1 SV=1,nVyATTVGTPYk-1,Q13439,15420.73535,11817.8951,6940.384247,11581.90013,17915.34797,15635.63575,27852.71039,24913.79213,18332.20394,22975.7861
Fructose-bisphosphate aldolase A OS=Homo sapiens OX=9606 GN=ALDOA PE=1 SV=2,pyQYPALTPEQkk-1,P04075,26070.02734,27627.60636,21441.32454,37581.27793,22557.76404,36304.63035,31794.2946,28124.31163,29992.12947,29391.18927
Mitogen-activated protein kinase 12 OS=Homo sapiens OX=9606 GN=MAPK12 PE=1 SV=3,qADSEMTGyVVTR-1,P53778,65215.33301,69359.05374,76378.96584,67369.40403,69647.27629,98712.02286,101576.3349,102135.267,87574.90123,69846.70315
Thyroid receptor-interacting protein 6 OS=Homo sapiens OX=9606 GN=TRIP6 PE=1 SV=3,qAyEPPPPPAYR-1,Q15654,4019.594971,2835.191566,3413.755253,3237.668046,4192.502546,3501.50564,3435.225052,1734.223056,3412.967978,3227.26297
Catenin delta-1 OS=Homo sapiens OX=9606 GN=CTNND1 PE=1 SV=1,qDVyGPQPQVR-1,O60716,29520.23315,13901.43836,13763.29866,10380.66403,16652.29196,16855.7021,17524.15253,16975.60946,13894.73383,15517.34824
Adapter molecule crk OS=Homo sapiens OX=9606 GN=CRK PE=1 SV=2,qEEAEyVR-1,P46108,17074.15625,14045.34126,22444.43975,28477.57481,15570.98326,16412.18421,20042.29956,19130.5407,21236.9946,21035.60665
60S ribosomal protein L15 OS=Homo sapiens OX=9606 GN=RPL15 PE=1 SV=2,qGyVIYR-1,P61313,52315.39648,40419.4428,49669.50679,36136.04305,42146.89177,52050.0289,55749.71914,61419.40549,60997.60663,59208.65705
Polyadenylate-binding protein 1 OS=Homo sapiens OX=9606 GN=PABPC1 PE=1 SV=2,qIyVGR-1,P11940,21600.23047,19106.02561,24935.59881,17918.2094,21643.99034,19147.68904,24335.73904,28371.61613,22007.25764,21369.36317
Tubulin alpha-1B chain OS=Homo sapiens OX=9606 GN=TUBA1B PE=1 SV=1,qLFHPEQLITGkEDAANNyAR-1,P68363,16385.01367,12907.86521,13721.77018,16676.20285,17042.68123,16875.6048,14921.19843,15866.4663,13314.6006,13953.19463
Low molecular weight phosphotyrosine protein phosphatase OS=Homo sapiens OX=9606 GN=ACP1 PE=1 SV=3,qLIIEDPyYGNDSDFETVYQQcVR-1,P24666,2767.225586,4701.371119,2599.293289,5207.882456,3068.067466,3261.561727,3530.471281,3834.95002,1779.863261,3113.095908
Tight junction protein ZO-1 OS=Homo sapiens OX=9606 GN=TJP1 PE=1 SV=3,qLSyFDRR-1,Q07157,53991.23242,19422.33292,24858.06263,19285.07814,31094.50491,27973.3798,31817.42978,26214.6963,23995.51811,21338.35916
Glycogen synthase kinase-3 alpha OS=Homo sapiens OX=9606 GN=GSK3A PE=1 SV=2,qLVRGEPNVSyIcSR-1,P49840,1171377.902,8131646.56,3017133.872,9061111.674,2652928.103,10193048.99,3428801.637,2775595.794,3424732.495,3481692.614
Tyrosine-protein phosphatase non-receptor type substrate 1 OS=Homo sapiens OX=9606 GN=SIRPA PE=1 SV=2,qPAPkPEPSFSEyASVQVPR-1,P78324,77385.84766,21202.14257,38879.92078,28487.25559,53831.86004,35511.12758,40476.37374,42979.7018,42926.87587,38276.08288
Septin-2 OS=Homo sapiens OX=9606 GN=SEPTIN2 PE=1 SV=1,qQPTQFINPETPGyVGFANLPNQVHR-1,Q15019,10249.41455,11699.50631,7059.55723,13340.14189,12700.97841,11770.83187,11677.83224,9630.439552,8791.816935,9747.869779
Tensin-3 OS=Homo sapiens OX=9606 GN=TNS3 PE=1 SV=2,qQQMVVAHQySFAPDGEAR-1,Q68CZ2,10545.61426,8774.232892,13941.0192,8052.177772,9851.961605,11753.27706,9645.540951,11840.75967,11198.32377,12150.65276
Brain-specific angiogenesis inhibitor 1-associated protein 2 OS=Homo sapiens OX=9606 GN=BAIAP2 PE=1 SV=1,qRPYSVAVPAFSQGLDDyGAR-1,Q9UQB8,45469.91748,59684.99104,37892.02947,52122.6845,55740.02645,60360.14307,52840.8803,47219.20619,43508.96684,48257.06433
Ephrin type-A receptor 2 OS=Homo sapiens OX=9606 GN=EPHA2 PE=1 SV=2,qSPEDVyFSk-1,P29317,76230.76563,61009.59103,62442.73111,42049.61224,63429.49742,70926.05461,65396.09768,61553.55005,63877.78871,72016.01823
Rho GTPase-activating protein 32 OS=Homo sapiens OX=9606 GN=ARHGAP32 PE=1 SV=1,qSSVTVVSQYDNLEDyHSLPQHQR-1,A7KAX9,8873.158203,5826.054842,4815.520445,6356.324012,9226.606722,7152.516302,4490.070983,6552.288285,4341.133264,6033.585805
Solute carrier family 35 member E1 OS=Homo sapiens OX=9606 GN=SLC35E1 PE=1 SV=2,qSYPNSySLNR-1,Q96K37,3082.125732,2322.706788,2556.486382,6796.799028,12307.26535,16281.18608,19972.54603,21070.54874,23555.43297,24346.41288
L-lactate dehydrogenase A chain OS=Homo sapiens OX=9606 GN=LDHA PE=1 SV=2,qVVESAyEVIk-1,P00338,59226.41797,46987.19318,56050.01136,39802.1999,66206.62232,50616.43951,58895.56728,76147.619,56804.62206,63545.47503
L-lactate dehydrogenase A chain OS=Homo sapiens OX=9606 GN=LDHA PE=1 SV=2,qVVESAyEVIkLk-1,P00338,28374.14844,40772.69856,31586.36243,39697.99294,37674.60874,47619.75277,37947.6302,42425.15485,37706.3109,47524.69255
Tight junction protein ZO-1 OS=Homo sapiens OX=9606 GN=TJP1 PE=1 SV=3,qYFEQYsR-1,Q07157,28472.13086,11983.631,10243.06637,11152.78876,14485.34658,16737.16343,16110.28705,12687.3008,13055.02557,9947.23952
Annexin A2 OS=Homo sapiens OX=9606 GN=ANXA2 PE=1 SV=2,rAEDGSVIDyELIDQDAR-1,P07355,8721.96875,9759.134407,6395.994231,11231.73279,11302.39243,10118.27398,9913.235668,6702.220174,9166.592385,10868.1198
Erbin OS=Homo sapiens OX=9606 GN=ERBIN PE=1 SV=2,rAQIPEGDyLSYR-1,Q96RT1,12106.52979,12054.51433,9886.489013,11134.18018,14759.0795,14039.18954,12131.85451,10810.13779,10518.24007,10237.21082
Disks large homolog 3 OS=Homo sapiens OX=9606 GN=DLG3 PE=1 SV=2,rDNEVDGQDyHFVVSR-1,Q92796,78528.52148,55932.91791,51023.87176,40242.14148,54987.91811,69713.27929,61506.65205,54291.65778,53815.47352,55659.19253
Polyglutamine-binding protein 1 OS=Homo sapiens OX=9606 GN=PQBP1 PE=1 SV=1,rEELAPyPk-1,O60828,8689.766602,14313.12519,10940.98494,11347.317,9165.448559,15338.4401,11911.58204,13527.13515,9122.698464,12614.69215
Desmoplakin OS=Homo sapiens OX=9606 GN=DSP PE=1 SV=3,rGsFDATGNSSYSYSYSFSSSSIGH-1,P15924,16005.70459,24791.15444,10177.49602,33528.23509,14604.75277,20267.74644,14450.51033,22937.76077,13672.46804,21161.9345
Desmoplakin OS=Homo sapiens OX=9606 GN=DSP PE=1 SV=3,rGVITDQNSDGycQTGTMSR-1,P15924,3492.196777,5332.633822,4719.702905,2753.26596,2920.134944,8270.180906,7640.624377,7544.484051,7037.521827,7720.294349
Enhancer of filamentation 1 OS=Homo sapiens OX=9606 GN=NEDD9 PE=1 SV=1,rHQSLSPNHPPPQLGQSVGSQNDAyDVPR-1,Q14511,11362.88196,12180.31188,12589.48204,12023.54006,13367.12555,11042.41727,12510.88683,10982.58745,15260.99658,13696.84058
Enhancer of filamentation 1 OS=Homo sapiens OX=9606 GN=NEDD9 PE=1 SV=1,rHQsLSPNHPPPQLGQSVGSQNDAyDVPR-2,Q14511,2358.670654,2789.304989,2058.98451,2804.397141,2719.683455,2096.424535,3170.712445,1942.830785,1725.336804,2052.128776
Protein BRICK1 OS=Homo sapiens OX=9606 GN=BRK1 PE=1 SV=1,rIEyIEAR-1,Q8WUW1,56661.34375,51480.48676,51118.25886,55478.61981,44129.27074,52136.296,51031.99945,50538.62709,50675.84634,54650.1714
Protein kinase C delta type OS=Homo sapiens OX=9606 GN=PRKCD PE=1 SV=2,rSDSASSEPVGIyQGFEk-1,Q05655,70758.99365,44733.05477,48106.06699,36652.45471,70695.83277,47284.59845,41083.55864,48725.96293,52723.15127,57935.37501
Claudin-4 OS=Homo sapiens OX=9606 GN=CLDN4 PE=1 SV=1,sAAASNyV-1,O14493,19996.99609,13520.72143,7605.641807,11080.19425,7906.598927,15726.60625,14739.51856,11660.44957,12037.69987,13798.97062
Transferrin receptor protein 1 OS=Homo sapiens OX=9606 GN=TFRC PE=1 SV=2,sAFSNLFGGEPLSYtR-1,P02786,5198.055664,4702.190025,3924.574234,6846.070667,4869.700549,6961.176115,5949.57393,3701.991969,5341.753168,5908.184601
"Keratin, type II cytoskeletal 7 OS=Homo sapiens OX=9606 GN=KRT7 PE=1 SV=5",sAyGGPVGAGIR-1,P08729,85841.02344,100447.4481,92060.41161,92908.48349,85992.31727,105962.4757,101702.9899,89882.35708,79711.18193,94421.40403
Type-1 angiotensin II receptor-associated protein OS=Homo sapiens OX=9606 GN=AGTRAP PE=1 SV=1,sAyQTIDSAEAPADPFAVPEGR-1,Q6RW13,8809.137695,11115.46926,8090.126545,14320.97288,11184.03412,13271.14107,9812.799293,9574.990736,8586.300902,9550.597206
Protein kinase C delta type OS=Homo sapiens OX=9606 GN=PRKCD PE=1 SV=2,sDSASSEPVGIyQGFEkk-1,Q05655,56188.4043,49566.58988,42329.74611,44175.38841,58331.41736,58846.85612,45874.5562,47049.47887,50691.98894,55204.83016
Pleckstrin homology domain-containing family A member 6 OS=Homo sapiens OX=9606 GN=PLEKHA6 PE=1 SV=4,sEDIyADPAAYVMR-1,Q9Y2H5,24168.69531,19426.76801,12830.59748,17718.45022,17949.58488,18476.72055,16019.30724,14264.22322,15373.31643,16430.1576
Protein-glutamine gamma-glutamyltransferase 2 OS=Homo sapiens OX=9606 GN=TGM2 PE=1 SV=2,sEGTyccGPVPVR-1,P21980,26288.94531,32826.22116,36840.90916,35548.16,35686.26477,32976.82562,39941.32889,44761.70373,38042.31221,40120.28496
Myelin protein zero-like protein 1 OS=Homo sapiens OX=9606 GN=MPZL1 PE=1 SV=1,sESVVyADIR-1,O95297,120551.6328,37605.57715,53143.18879,44008.54624,82114.54579,49253.12717,87145.44801,87190.39826,75038.39952,62489.23886
Vinculin OS=Homo sapiens OX=9606 GN=VCL PE=1 SV=4,sFLDSGyR-1,P18206,1923303.814,827147.3868,1737991.187,946358.1525,1690249.023,960905.9745,1551899.477,1915294.752,1732090.317,1543395.145
Vinculin OS=Homo sapiens OX=9606 GN=VCL PE=1 SV=4,sFLDSGyRILGAVAk-1,P18206,34960.11816,47657.69054,42971.93482,59071.77572,57559.12066,57600.60522,48352.5071,48343.28841,56601.84311,55546.6648
Caveolae-associated protein 1 OS=Homo sapiens OX=9606 GN=CAVIN1 PE=1 SV=1,sFTPDHVVyAR-1,Q6NZI2,115229.7168,84049.0134,55006.36709,103665.7755,87843.21755,90440.6349,94013.00238,88006.82534,84219.21291,81285.64433
Lipolysis-stimulated lipoprotein receptor OS=Homo sapiens OX=9606 GN=LSR PE=1 SV=4,sGDLPyDGRLLEEAVR-1,Q86X29,7332.578125,7916.293232,5365.47971,6222.370273,6369.478718,6678.311373,7314.869105,5653.695252,6365.267154,4427.962101
Serine/arginine-rich splicing factor 1 OS=Homo sapiens OX=9606 GN=SRSF1 PE=1 SV=2,sHEGETAyIR-1,Q07955,3188.439209,3288.693331,1970.806886,2806.268477,3277.884949,3499.314905,3188.36662,3211.393348,3013.797167,3797.038739
Sodium-coupled neutral amino acid transporter 2 OS=Homo sapiens OX=9606 GN=SLC38A2 PE=1 SV=2,sHyADVDPENQNFLLESNLGk-1,Q96QD8,27617.74561,20068.9096,16038.07565,26465.2872,25478.78399,31262.8617,32147.65276,28954.57906,37134.37109,41778.04008
Sodium-coupled neutral amino acid transporter 2 OS=Homo sapiens OX=9606 GN=SLC38A2 PE=1 SV=2,sHyADVDPENQNFLLESNLGkk-1,Q96QD8,45341.19141,28129.29774,24233.1291,30206.86813,31925.18314,45803.3795,46124.71957,41845.76597,62186.9403,60584.28013
Tight junction protein ZO-2 OS=Homo sapiens OX=9606 GN=TJP2 PE=1 SV=2,sIDQDyER-1,Q9UDY2,31826.29297,9498.539853,11317.33242,10360.19682,8315.267665,13470.73429,11259.59896,8923.236081,8825.063666,10446.92436
Proteasome subunit alpha type-2 OS=Homo sapiens OX=9606 GN=PSMA2 PE=1 SV=2,sILyDER-1,P25787,120475.4453,80770.76452,74197.54447,58530.01495,82114.29155,85991.88612,103582.664,103805.3062,88579.32086,93684.20584
Heat shock protein HSP 90-beta OS=Homo sapiens OX=9606 GN=HSP90AB1 PE=1 SV=4,sIyYITGESk-1,P08238,51740.03418,41378.17387,41355.60028,44997.72033,51213.11782,42562.83582,53506.14026,56323.60027,42477.10362,54988.30402
Layilin OS=Homo sapiens OX=9606 GN=LAYN PE=2 SV=1,skESGWVENEIyGY-1,Q6UX15,18159.62695,16149.27403,19591.24922,22648.17787,24336.96274,25516.23267,23430.38639,20426.29416,21381.32453,22181.65566
Serine/threonine-protein kinase ICK OS=Homo sapiens OX=9606 GN=ICK PE=1 SV=1,skPPYTDYVsTR-1,Q9UPZ9,334382.8125,146318.5512,184840.9915,71338.8194,139088.0299,144274.5166,161087.9884,219368.0872,219481.9588,178603.8376
Actin filament-associated protein 1-like 2 OS=Homo sapiens OX=9606 GN=AFAP1L2 PE=1 SV=1,skVAQQPLSLVGcEVVPDPSPDHLySFR-1,Q8N4X5,4237.84375,5973.675758,3370.374401,6342.156199,4186.768989,6017.40649,6201.269178,5955.040644,3874.592694,6547.503255
Tyrosine-protein kinase Lyn OS=Homo sapiens OX=9606 GN=LYN PE=1 SV=3,sLDNGGYyISPR-1,P07948,113845.353,153136.3669,109190.5819,117014.065,143887.9816,146271.9819,131555.5401,115477.7753,144737.6884,134197.749
Catenin delta-1 OS=Homo sapiens OX=9606 GN=CTNND1 PE=1 SV=1,sLDNNySTPNER-1,O60716,176336.3906,41276.18096,38119.99811,35618.56633,55020.11487,67413.14283,56169.29793,41113.83166,31195.09897,28122.34271
Catenin delta-1 OS=Homo sapiens OX=9606 GN=CTNND1 PE=1 SV=1,sLDNNySTPNERGDHNR-1,O60716,10007.01465,9698.702541,4529.412541,9869.562012,4422.693878,21745.58359,9624.609349,4987.980567,4997.374778,5494.958589
Receptor tyrosine-protein kinase erbB-3 OS=Homo sapiens OX=9606 GN=ERBB3 PE=1 SV=1,sLEATDSAFDNPDyWHSR-1,P21860,9053.366211,10318.96863,6535.212317,10825.23258,10193.32341,12562.88785,9622.226658,8008.782041,9483.704004,8542.777649
"Keratin, type I cytoskeletal 19 OS=Homo sapiens OX=9606 GN=KRT19 PE=1 SV=4",sLLEGQEDHyNNLSASk-1,P08727,549809.8301,283374.717,280085.0181,280518.6645,261294.9067,282052.2359,298488.16,243496.6367,247396.8921,244788.5201
Annexin A2 OS=Homo sapiens OX=9606 GN=ANXA2 PE=1 SV=2,sLyYYIQQDTk-1,P07355,7305.969238,10005.65199,8367.790557,9503.06635,14435.09523,11367.21298,14055.64998,13390.29688,10238.55224,10063.71634
Annexin A2 OS=Homo sapiens OX=9606 GN=ANXA2 PE=1 SV=2,sLYyYIQQDTkGDYQk-1,P07355,30223.15283,41324.05315,32708.68876,46361.02285,38367.34794,65642.216,49593.33769,39992.91692,36200.47227,39368.92267
G-protein coupled receptor family C group 5 member B OS=Homo sapiens OX=9606 GN=GPRC5B PE=2 SV=2,sNVyQPTEMAVVLNGGTIPTAPPSHTGR-1,Q9NZH0,5703.438477,11075.80576,6079.760596,9313.609385,8161.864119,10795.94977,8298.036422,7975.035932,5972.971406,9091.311149
Ras GTPase-activating-like protein IQGAP1 OS=Homo sapiens OX=9606 GN=IQGAP1 PE=1 SV=1,sPDVGLyGVIPEcGETYHSDLAEAk-1,P46940,5593.821289,5187.945648,5062.546519,5705.409297,4892.165671,4741.208691,3439.265434,5692.009126,4809.795211,4897.124757
Phosphatidylinositol 3-kinase regulatory subunit beta OS=Homo sapiens OX=9606 GN=PIK3R2 PE=1 SV=2,sREYDQLyEEYTR-1,O00459,31396.95508,12730.78794,16531.73187,16395.91838,19786.37063,16660.7887,15959.36765,18591.81695,20584.88203,15312.2605
Inactive tyrosine-protein kinase PEAK1 OS=Homo sapiens OX=9606 GN=PEAK1 PE=1 SV=4,sSAIRyQEVWTSSTSPR-1,Q9H792,10583.54297,13002.44264,10946.23704,17224.29047,13040.67418,18003.81857,12425.00568,14376.05617,15595.15506,16294.09747
Coiled-coil domain-containing protein 120 OS=Homo sapiens OX=9606 GN=CCDC120 PE=1 SV=1,sSEVLyERPQPTPAFSSR-1,Q96HB5,29143.2793,25805.15985,19595.45696,24347.72395,29171.79527,31802.68594,26827.96476,17249.6353,22055.24777,21010.806
GRB2-associated-binding protein 1 OS=Homo sapiens OX=9606 GN=GAB1 PE=1 SV=2,sSGSGSSVADERVDyVVVDQQk-1,Q13480,291975.8281,55549.90333,88509.68733,109925.915,117952.1256,142899.4062,129079.8239,92420.75958,83333.34721,47746.83702
Jupiter microtubule associated homolog 2 OS=Homo sapiens OX=9606 GN=JPT2 PE=1 SV=1,sSISFy-1,Q9H910,14264.90283,6585.844806,6110.923239,9818.350543,6488.576613,10778.09663,7109.703287,7393.570655,5356.55397,5510.08039
Actin filament-associated protein 1-like 2 OS=Homo sapiens OX=9606 GN=AFAP1L2 PE=1 SV=1,sSSSDEEYIyMNkVTINk-1,Q8N4X5,9607.800781,7256.004416,9633.832584,12125.24488,10066.7665,12736.39849,12476.71523,10680.27544,13810.50099,9673.370099
Filamin-B OS=Homo sapiens OX=9606 GN=FLNB PE=1 SV=2,sSTETcySAIPk-1,O75369,20619.43164,8857.930494,14665.64168,8492.839672,12809.47762,13553.14733,13333.79568,10972.18867,10589.31968,9836.362754
Serine/arginine repetitive matrix protein 2 OS=Homo sapiens OX=9606 GN=SRRM2 PE=1 SV=2,sStPPGESYFGVSSLQLk-1,Q9UQ35,25415.94336,60027.20183,19947.19431,47833.28789,29227.96878,24423.14829,18555.61636,23653.62181,25167.39522,24991.32839
"Keratin, type I cytoskeletal 18 OS=Homo sapiens OX=9606 GN=KRT18 PE=1 SV=2",sTFSTNyR-1,P05783,283718.1563,193309.6432,158358.2516,197595.1236,139358.5129,203222.5796,206264.2085,194711.2176,164120.91,186269.9344
Leupaxin OS=Homo sapiens OX=9606 GN=LPXN PE=1 SV=1,sTLQDSDEySNPAPLPLDQHSR-1,O60711,18429.4126,16643.23204,15489.32739,19313.28947,16561.96064,19699.38595,15604.36034,14844.95132,12508.07289,15414.03866
Tyrosine-protein kinase Lck OS=Homo sapiens OX=9606 GN=LCK PE=1 SV=6,sVLEDFFTATEGQyQPQP-1,P06239,100483.7109,123847.8594,116545.3711,137705.3546,127169.6147,129993.2322,118117.1516,120455.4213,135882.9501,122717.1813
Clathrin heavy chain 1 OS=Homo sapiens OX=9606 GN=CLTC PE=1 SV=5,sVNESLNNLFITEEDyQALR-1,Q00610,1588.493286,3432.476177,2788.727788,2893.085003,2578.668128,3734.36629,1843.011716,2562.583594,2167.82198,3094.289906
Hepatocyte growth factor receptor OS=Homo sapiens OX=9606 GN=MET PE=1 SV=4,sVSPTTEMVSNESVDyR-1,P08581,10715.41992,8765.776616,8581.561733,8074.849721,5915.729126,9677.805692,7997.146942,6824.016309,4548.863726,5693.952922
Hepatocyte growth factor receptor OS=Homo sapiens OX=9606 GN=MET PE=1 SV=4,sVSPTTEMVSNESVDYRAtFPEDQFPNSSQNGScR-1,P08581,14152.17676,15579.48867,11581.25158,12572.973,8635.167494,14068.2749,9671.49339,8845.881461,8096.320641,10058.74562
Rho GTPase-activating protein 35 OS=Homo sapiens OX=9606 GN=ARHGAP35 PE=1 SV=3,sVSSSPWLPQDGFDPSDyAEPMDAVVkPR-1,Q9NRY4,6444.801147,5388.170699,6039.274461,7538.873397,4658.40356,4845.147792,6572.982411,6967.44128,6239.435424,9726.610156
"FYVE, RhoGEF and PH domain-containing protein 6 OS=Homo sapiens OX=9606 GN=FGD6 PE=1 SV=2",sVTSLcAPEyENIR-1,Q6ZV73,5364.96582,4151.03117,3863.13827,3747.5179,3594.459606,3942.804638,4892.450647,5476.707608,4619.439731,4461.856565
Enhancer of filamentation 1 OS=Homo sapiens OX=9606 GN=NEDD9 PE=1 SV=1,sWMDDyDYVHLQGk-1,Q14511,11591.47656,9095.101416,16910.2317,9547.654546,13995.83532,10088.97818,16715.88378,16306.98442,15553.25796,20200.18138
Enhancer of filamentation 1 OS=Homo sapiens OX=9606 GN=NEDD9 PE=1 SV=1,sWMDDYDyVHLQGkEEFER-1,Q14511,51229.0249,94910.76823,119639.8521,84132.67856,80443.64974,102273.7222,109020.4903,110693.979,128521.8058,150654.8893
"Thioredoxin reductase 1, cytoplasmic OS=Homo sapiens OX=9606 GN=TXNRD1 PE=1 SV=3",sYDyDLIIIGGGSGGLAAAk-1,Q16881,7107.891846,6765.304755,6768.783667,8518.918627,5757.508294,6534.778073,7767.289332,7855.558993,7985.239158,6307.476005
Annexin A2 OS=Homo sapiens OX=9606 GN=ANXA2 PE=1 SV=2,sYSPyDMLESIR-1,P07355,12683.17676,17864.85438,19212.30195,11758.56551,17292.26192,19172.11324,23111.54165,13321.35856,15537.04893,12104.00996
Annexin A2 OS=Homo sapiens OX=9606 GN=ANXA2 PE=1 SV=2,sYSPyDMLESIRk-1,P07355,11632.81348,20123.58904,20356.47045,15521.79234,18212.49942,20339.28002,25730.95112,14736.99553,23040.73375,15936.05363
Tensin-1 OS=Homo sapiens OX=9606 GN=TNS1 PE=1 SV=2,sYSPyDYQPcLAGPNQDFHSk-1,Q9HBL0,6077.290527,8640.322708,7144.111282,10088.31307,9006.368799,7742.607583,8532.573907,9723.918595,7414.518545,10644.38875
"Keratin, type II cytoskeletal 8 OS=Homo sapiens OX=9606 GN=KRT8 PE=1 SV=7",syTSGPGSR-1,P05787,22038.74316,18386.1556,8860.606442,14453.18433,11135.41807,11494.78858,11261.76671,10040.48364,12064.53289,12528.917
Mitogen-activated protein kinase 9 OS=Homo sapiens OX=9606 GN=MAPK9 PE=1 SV=2,tAcTNFMMTPyVVTR-1,P45984,13120.15918,15916.22427,12332.54666,15388.25728,15425.95517,20144.85446,16821.34312,17225.83481,17149.10496,23209.24395
Mitogen-activated protein kinase 10 OS=Homo sapiens OX=9606 GN=MAPK10 PE=1 SV=2,tAGTSFMMTPyVVTR-1,P53779,40231.36963,58299.14542,58697.15534,68969.62936,58354.19268,75559.94011,74150.13092,71750.51811,74410.49499,81529.90953
GRB2-associated-binding protein 1 OS=Homo sapiens OX=9606 GN=GAB1 PE=1 SV=2,tASDTDSSycIPTAGMSPSR-1,Q13480,53502.73438,16001.22731,15392.43696,26765.60547,25338.1654,30911.39655,28413.09015,21328.50323,23057.35992,16439.60787
Rab GDP dissociation inhibitor beta OS=Homo sapiens OX=9606 GN=GDI2 PE=1 SV=2,tDDYLDQPcyETINR-1,P50395,26001.12402,21573.12978,22540.90067,24786.82546,29993.13705,23154.62244,25609.35072,25112.72986,23884.77073,21970.12948
Enhancer of filamentation 1 OS=Homo sapiens OX=9606 GN=NEDD9 PE=1 SV=1,tGHGyVYEYPSR-1,Q14511,230506.8208,356069.9999,299642.9407,237962.7961,208517.6176,332188.248,308863.5968,318505.5669,327199.0178,407202.6647
Focal adhesion kinase 1 OS=Homo sapiens OX=9606 GN=PTK2 PE=1 SV=2,tHAVSVSETDDyAEIIDEEDTYTMPSTR-1,Q05397,181871.6619,201659.9138,171282.0022,208498.2664,172834.9951,194263.4523,193947.6774,211276.6599,206159.9611,216088.7428
La-related protein 1 OS=Homo sapiens OX=9606 GN=LARP1 PE=1 SV=2,tHFDyQFGYR-1,Q6PKG0,6596.157715,5464.236772,4733.342716,6463.247138,4248.433908,7676.330709,6592.606241,6433.563796,6299.264105,6643.762874
BAG family molecular chaperone regulator 3 OS=Homo sapiens OX=9606 GN=BAG3 PE=1 SV=3,tHYPAQQGEyQTHQPVYHk-1,O95817,34322.14502,8063.79199,15346.28512,10147.16002,9632.395728,12964.17558,18071.16884,16705.64326,9802.992931,12158.50937
Abl interactor 1 OS=Homo sapiens OX=9606 GN=ABI1 PE=1 SV=4,tLEPVkPPTVPNDYMtSPAR-1,Q8IZP0,200745.0371,110453.2029,147298.3449,227426.2584,172881.866,212225.4273,219944.4705,228663.9177,232147.0689,210510.1681
Abl interactor 2 OS=Homo sapiens OX=9606 GN=ABI2 PE=1 SV=1,tLEPVRPPVVPNDyVPSPTR-1,Q9NYB9,94527.94141,27314.60364,42497.91843,68021.88549,69035.16475,57971.56514,65200.17199,66105.66482,60934.12549,48981.39819
"Phosphatidylinositol 3,4,5-trisphosphate 5-phosphatase 2 OS=Homo sapiens OX=9606 GN=INPPL1 PE=1 SV=2",tLSEVDyAPAGPAR-1,O15357,18787.50586,14654.41173,15565.31471,18541.71837,21363.68238,18296.8314,21740.41833,14639.10753,16354.55476,17609.28267
Crk-like protein OS=Homo sapiens OX=9606 GN=CRKL PE=1 SV=1,tLyDFPGNDAEDLPFk-1,P46109,17550.43652,7855.812549,12619.05743,7354.13174,16008.4842,7705.454891,13880.69044,12807.96539,13000.70109,11452.23846
Crk-like protein OS=Homo sapiens OX=9606 GN=CRKL PE=1 SV=1,tLyDFPGNDAEDLPFkk-1,P46109,11958.95996,5039.860388,6703.289696,6491.319222,7462.412401,5108.334351,8674.669633,8005.601212,6961.600614,6903.27912
Activated CDC42 kinase 1 OS=Homo sapiens OX=9606 GN=TNK2 PE=1 SV=3,tMPTTQSFASDPkyATPQVIQAPGPR-1,Q07912,12344.34277,9383.125845,6534.641151,9741.541391,13955.85863,11597.89888,10590.16642,11311.88383,11304.17092,9634.602644
Talin-1 OS=Homo sapiens OX=9606 GN=TLN1 PE=1 SV=3,tMQFEPSTMVyDAcR-1,Q9Y490,29458.3877,21520.27922,27744.97873,33245.92619,24939.03658,34093.79042,30364.44842,28836.0569,31517.96366,31578.23392
Breast cancer anti-estrogen resistance protein 1 OS=Homo sapiens OX=9606 GN=BCAR1 PE=1 SV=2,tPLVLAAPPPDSPPAEDVyDVPPPAPDLYDVPPGLR-1,P56945,4555.510254,2646.605922,2213.527878,4311.637863,3504.063691,2894.427885,2282.800739,2250.873975,2453.379868,1891.12722
Caskin-2 OS=Homo sapiens OX=9606 GN=CASKIN2 PE=1 SV=2,tPQPPAEEPPHPLTySQLPR-1,Q8WXE0,11403.67285,8708.913745,6795.336327,9046.10017,6342.999623,9523.204556,9960.790548,8240.199964,7170.579578,6146.735111
SH2 domain-containing protein 3A OS=Homo sapiens OX=9606 GN=SH2D3A PE=1 SV=1,tPSFELPDASERPPTycELVPR-1,Q9BRG2,45704.26953,53900.14945,47672.77712,42910.7707,56772.78681,46934.61395,58757.38656,53515.49003,56815.57967,46002.05904
Kin of IRRE-like protein 1 OS=Homo sapiens OX=9606 GN=KIRREL1 PE=1 SV=2,tPyEAYDPIGk-1,Q96J84,9917.694336,14445.20229,11478.20432,9204.865499,8724.853191,16368.27818,11967.61941,10852.51207,13574.98257,9940.330559
LIM and SH3 domain protein 1 OS=Homo sapiens OX=9606 GN=LASP1 PE=1 SV=2,tQDQISNIkyHEEFEk-1,Q14847,25799.1543,18515.95864,20427.794,23428.49714,21105.57494,20627.8345,25358.08791,20505.40259,19678.52059,25049.26356
Src substrate cortactin OS=Homo sapiens OX=9606 GN=CTTN PE=1 SV=2,tQTPPVSPAPQPTEERLPSSPVyEDAASFk-1,Q14247,79012.71387,78883.79581,72161.45282,80078.82785,99248.19705,86120.48383,76811.87016,76292.55059,77017.71826,73335.86269
Src substrate cortactin OS=Homo sapiens OX=9606 GN=CTTN PE=1 SV=2,tQtPPVSPAPQPTEERLPSSPVyEDAASFk-2,Q14247,7779.75,9029.103974,7779.074816,10146.22174,12561.69597,8910.39843,10864.09699,9659.272021,9252.960763,9197.946083
E3 ubiquitin-protein ligase CBL-B OS=Homo sapiens OX=9606 GN=CBLB PE=1 SV=2,tSQDyDQLPScSDGSQAPARPPkPRPR-1,Q13191,10418.36816,1593.554589,2017.185728,3417.814598,5126.569948,10162.08108,7907.274242,4984.202092,4940.946506,1371.39472
FYN-binding protein 1 OS=Homo sapiens OX=9606 GN=FYB1 PE=1 SV=2,tTAVEIDyDSLk-1,O15117,74142.32617,76268.34945,53862.13192,53423.95577,79071.79675,55279.39554,54898.20499,51441.55731,59253.77993,52897.46008
Low-density lipoprotein receptor OS=Homo sapiens OX=9606 GN=LDLR PE=1 SV=1,tTEDEVHIcHNQDGySYPSR-1,P01130,22792.36096,15816.90367,8848.927837,18920.90741,16231.47543,25129.73458,30825.87997,24832.1343,27461.97163,33749.81012
Protein phosphatase Slingshot homolog 2 OS=Homo sapiens OX=9606 GN=SSH2 PE=1 SV=1,tTNPFYNtM-1,Q76I76,115070.2227,158927.7476,172260.8294,210178.4305,116385.5728,219719.7074,195054.504,172522.5417,161238.2852,183572.3907
Heat shock cognate 71 kDa protein OS=Homo sapiens OX=9606 GN=HSPA8 PE=1 SV=1,tTPSyVAFTDTER-1,P11142,3034.885986,2356.515307,3354.603196,2492.423565,4475.457242,3918.771242,3782.682985,3778.055094,4014.14622,3344.933837
Homeodomain-interacting protein kinase 3 OS=Homo sapiens OX=9606 GN=HIPK3 PE=1 SV=1,tVcSTyLQSR-1,Q9H422,798913.0195,752113.9684,677838.3631,627284.2307,602008.2226,905469.4518,690227.8524,841162.4211,771128.8359,757255.3947
Plakophilin-4 OS=Homo sapiens OX=9606 GN=PKP4 PE=1 SV=2,tVHDMEQFGQQQYDIyER-1,Q99569,7050.049316,7417.450983,6668.459672,10442.40679,8332.482842,9875.433826,8809.167359,9156.393306,5700.33302,7914.483282
TOM1-like protein 2 OS=Homo sapiens OX=9606 GN=TOM1L2 PE=1 SV=1,tVTyEDPQAVGGLASALDNRk-1,Q6ZVM7,22656.53125,10707.08001,9178.286426,15673.44065,13464.79705,15917.91447,11449.49351,10884.46238,9512.982249,13794.06932
Ras-related protein Rab-2B OS=Homo sapiens OX=9606 GN=RAB2B PE=1 SV=1,tyAYLFk-1,Q8WUD1,12841.86133,7549.287973,6122.919748,21898.88136,19812.24106,24424.15442,29617.43875,46233.95885,18346.23835,34543.7049
Cyclin-dependent kinase 2 OS=Homo sapiens OX=9606 GN=CDK2 PE=1 SV=2,tYtHEVVTLWYR-1,P24941,2474.901123,4930.574868,1444.488521,5345.501301,3304.219997,2368.388305,3357.562205,1925.407613,2343.469465,2669.275319
Ephrin type-A receptor 2 OS=Homo sapiens OX=9606 GN=EPHA2 PE=1 SV=2,tYVDPHTyEDPNQAVLk-1,P29317,393273.0781,227808.7802,215517.8191,173977.0515,259616.8802,244861.9032,214709.6331,213728.2219,252265.5428,223497.5496
Mitogen-activated protein kinase 1 OS=Homo sapiens OX=9606 GN=MAPK1 PE=1 SV=3,vADPDHDHTGFLTEyVATR-1,P28482,34954664.85,3517730.601,12885926.6,7417638.913,19610185.59,9710687.299,16441430.35,11658113.12,26479063.44,13778943.55
Mitogen-activated protein kinase 1 OS=Homo sapiens OX=9606 GN=MAPK1 PE=1 SV=3,vADPDHDHTGFLtEyVATR-2,P28482,967455.4319,244325.1013,558637.219,833202.964,633516.364,465339.0677,772098.7601,350387.2755,700515.7087,400035.0536
Filamin-A OS=Homo sapiens OX=9606 GN=FLNA PE=1 SV=4,vANPSGNLTETyVQDR-1,P21333,19789.50684,16871.10512,20150.7961,13443.05245,22411.1877,16189.82364,17709.82459,18674.0772,18415.01341,21026.56673
Actin filament-associated protein 1-like 2 OS=Homo sapiens OX=9606 GN=AFAP1L2 PE=1 SV=1,vAQQPLSLVGcEVVPDPSPDHLySFR-1,Q8N4X5,43106.31128,40604.17309,36881.97529,52128.67908,55624.77672,31064.83134,45733.17823,50332.17784,48769.82139,32320.75723
Integrin beta-4 OS=Homo sapiens OX=9606 GN=ITGB4 PE=1 SV=5,vcAYGAQGEGPySSLVScR-1,P16144,22462.50586,22749.6013,22965.32105,25753.63605,25259.07251,32053.62996,32932.30997,27221.06455,25624.74739,28695.48687
Hepatocyte growth factor-regulated tyrosine kinase substrate OS=Homo sapiens OX=9606 GN=HGS PE=1 SV=1,vcEPcyEQLNR-1,O14964,28513.6543,18517.7123,20601.37245,19595.85193,19050.28951,19828.40681,20461.86471,20111.35236,18415.94637,18901.19716
Band 4.1-like protein 2 OS=Homo sapiens OX=9606 GN=EPB41L2 PE=1 SV=1,vEGDNIyVR-1,O43491,232893.1094,37676.72067,47118.86969,43794.2609,63034.84581,71315.93773,75989.68439,65693.25802,34676.4571,38345.99364
Cyclin-dependent kinase 2 OS=Homo sapiens OX=9606 GN=CDK2 PE=1 SV=2,vEkIGEGTyGVVYk-1,P24941,1278613.739,9011284.01,3656169.393,8280451.684,2947077.111,9869452.627,3761414.71,3431378.334,4135671.896,4581812.646
Calmodulin-1 OS=Homo sapiens OX=9606 GN=CALM1 PE=1 SV=1,vFDkDGNGyISAAELR-1,P0DP23,225179.125,121995.5407,210395.1688,111393.6703,202693.9348,117058.9325,231858.3555,201114.2138,202368.4118,171758.4201
Paxillin OS=Homo sapiens OX=9606 GN=PXN PE=1 SV=3,vGEEEHVySFPNk-1,P49023,9306049.382,5417992.936,8595722.769,5287014.568,7623017.883,5413111.324,7761146.453,8626334.328,8722357.193,8289386.454
Paxillin OS=Homo sapiens OX=9606 GN=PXN PE=1 SV=3,vGEEEHVySFPNkQk-1,P49023,2487265.358,4178936.639,3901411.154,4560069.418,3071168.02,4524514.873,3773866.072,3336763.732,4017843.331,4258256.006
Breast cancer anti-estrogen resistance protein 1 OS=Homo sapiens OX=9606 GN=BCAR1 PE=1 SV=2,vGQGYVyEAAQPEQDEYDIPR-1,P56945,103288.1455,106580.1875,83460.55438,148533.6858,123424.4254,135741.949,127556.8907,112767.2726,129003.43,122519.8307
Filamin-A OS=Homo sapiens OX=9606 GN=FLNA PE=1 SV=4,vHSPSGALEEcyVTEIDQDkYAVR-1,P21333,25442.79297,19377.57007,24348.95917,17101.77249,27611.48038,20857.11699,25908.63241,26304.9048,24488.45648,22489.59401
Tyrosine-protein kinase Lyn OS=Homo sapiens OX=9606 GN=LYN PE=1 SV=3,vIEDNEyTAR-1,P07948,42034.75,32625.58759,27613.2863,19538.77425,28488.59358,30272.13492,32712.10019,26264.50232,36860.36599,41307.1246
Neural Wiskott-Aldrich syndrome protein OS=Homo sapiens OX=9606 GN=WASL PE=1 SV=2,vIyDFIEk-1,O00401,1748123.998,472686.8205,539275.7777,518519.135,802188.8245,505209.813,598358.5309,639935.349,577684.2267,542163.1866
Docking protein 1 OS=Homo sapiens OX=9606 GN=DOK1 PE=1 SV=1,vkEEGYELPYNPATDDyAVPPPR-1,Q99704,131349.4321,88450.13395,75381.60623,120002.4852,109014.8918,112030.6965,96666.45273,92112.18707,87353.02352,95351.63935
Ephrin type-A receptor 5 OS=Homo sapiens OX=9606 GN=EPHA5 PE=1 SV=3,vLEDDPEAAyTTR-1,P54756,28300.85938,21116.03122,21040.49367,19413.34642,16477.74182,25971.62855,21990.17484,20266.83352,20071.50897,24042.003
Ephrin type-A receptor 2 OS=Homo sapiens OX=9606 GN=EPHA2 PE=1 SV=2,vLEDDPEATyTTSGGk-1,P29317,24643.45313,12106.69312,15672.24146,9542.105175,13525.77352,12764.15617,15639.52497,14791.57202,16640.98235,15729.27439
Ephrin type-A receptor 2 OS=Homo sapiens OX=9606 GN=EPHA2 PE=1 SV=2,vLEDDPEATyTTSGGkIPIR-1,P29317,485659.9961,406441.484,337047.3191,316788.9566,394812.4589,448001.5933,333814.3226,291034.4813,350728.5405,426630.6299
Breast cancer anti-estrogen resistance protein 1 OS=Homo sapiens OX=9606 GN=BCAR1 PE=1 SV=2,vLPPEVADGGVVDSGVyAVPPPAER-1,P56945,45283.0083,60642.97397,43327.65479,73492.55448,48217.1858,53899.00596,46283.71867,49969.47016,40832.46723,46571.1187
Heat shock 70 kDa protein 4 OS=Homo sapiens OX=9606 GN=HSPA4 PE=1 SV=4,vLTFyR-1,P34932,7677.868164,5230.340075,6170.000807,4475.10614,8075.596171,5009.672117,8746.398569,6810.510383,6082.36624,5132.209368
Proteasome subunit beta type-4 OS=Homo sapiens OX=9606 GN=PSMB4 PE=1 SV=4,vLYyRDAR-1,P28070,12850.72168,10773.50442,7657.101301,7977.747084,4055.383916,8690.758678,7581.75694,8517.349752,7147.950241,6232.893434
Crk-like protein OS=Homo sapiens OX=9606 GN=CRKL PE=1 SV=1,vPcAyDk-1,P46109,8558.948242,6615.932274,4542.637865,25315.69667,4927.79089,11819.48088,9957.150195,6890.205196,6547.354975,7219.991132
G-protein coupled receptor family C group 5 member C OS=Homo sapiens OX=9606 GN=GPRC5C PE=1 SV=2,vPSEGAyDIILPR-1,Q9NQ84,3076.289307,3237.277615,3270.142066,3497.933686,5111.189039,3308.886477,4915.182808,3843.898106,4107.554028,4269.504479
Tyrosine-protein kinase Fer OS=Homo sapiens OX=9606 GN=FER PE=1 SV=2,vQENDGkEPPPVVNyEEDAR-1,P16591,29952.22559,21125.03966,20879.94043,16366.57939,18776.25191,20667.58206,19657.53099,21733.30955,21982.81221,23442.66891
Vasodilator-stimulated phosphoprotein OS=Homo sapiens OX=9606 GN=VASP PE=1 SV=3,vQIyHNPTANSFR-1,P50552,17277.52637,14281.63301,16717.18159,17797.27223,17389.85051,15346.69921,19288.31411,15096.60102,19205.93143,19261.21486
Protein diaphanous homolog 1 OS=Homo sapiens OX=9606 GN=DIAPH1 PE=1 SV=2,vQLNVFDEQGEEDsYDLkGR-1,O60610,20849.54102,21931.29523,19536.42636,22813.96768,21307.36102,22427.73179,22522.19388,22716.38391,24555.27183,20465.54111
DnaJ homolog subfamily B member 1 OS=Homo sapiens OX=9606 GN=DNAJB1 PE=1 SV=4,vSLEEIySGcTk-1,P25685,9282.072266,9837.613989,8110.790033,8865.971989,12275.66067,11983.36781,9030.12858,10820.11282,11324.7458,10064.28905
DnaJ homolog subfamily B member 1 OS=Homo sapiens OX=9606 GN=DNAJB1 PE=1 SV=4,vSLEEIySGcTkk-1,P25685,30981.7334,25897.26421,26508.64188,31235.2525,32454.94605,32279.30118,27187.04657,23078.06695,29347.1909,31976.9017
Disintegrin and metalloproteinase domain-containing protein 9 OS=Homo sapiens OX=9606 GN=ADAM9 PE=1 SV=1,vSSQGNLIPARPAPAPPLYsSLT-1,Q13443,39459.14063,23878.4286,19679.83098,30653.65094,31536.73281,39371.42671,25638.82922,26023.9397,22895.52411,23984.43959
SH2 domain-containing adapter protein B OS=Homo sapiens OX=9606 GN=SHB PE=1 SV=2,vTIADDySDPFDAkNDLk-1,Q15464,73772.47949,60474.58935,57846.58492,66328.04255,69452.72917,62205.34484,59081.71742,67633.80206,61765.08349,63515.95484
PDZ and LIM domain protein 1 OS=Homo sapiens OX=9606 GN=PDLIM1 PE=1 SV=4,vTPPEGyEVVTVFPk-1,O00151,15266.93555,9516.876265,7977.242197,11551.55868,12815.30859,11627.68176,11682.94264,9956.896392,8980.298931,9314.901529
Receptor-type tyrosine-protein phosphatase alpha OS=Homo sapiens OX=9606 GN=PTPRA PE=1 SV=3,vVQEYIDAFSDyANFk-1,P18433,57107.33423,69486.53272,74174.46527,81423.57078,66133.42811,91896.73441,74145.60607,73144.00992,81010.16053,82393.73242
"Thioredoxin reductase 1, cytoplasmic OS=Homo sapiens OX=9606 GN=TXNRD1 PE=1 SV=3",vVYENAyGQFIGPHR-1,Q16881,23709.54199,19595.15263,25253.12881,25206.05556,26613.07058,24883.24377,31532.43145,23227.43345,27032.62357,24110.39843
Charged multivesicular body protein 1a OS=Homo sapiens OX=9606 GN=CHMP1A PE=1 SV=1,vyAENAIR-1,Q9HD42,11314.00391,14698.42248,12245.92636,16116.073,13473.98152,16830.26187,17058.66034,17838.07801,14539.59473,17037.01354
Tyrosine-protein phosphatase non-receptor type 11 OS=Homo sapiens OX=9606 GN=PTPN11 PE=1 SV=2,vyENVGLMQQQk-1,Q06124,280039.834,46275.17589,80168.73957,77086.86821,117637.5103,119120.8896,150949.613,105155.1482,99848.34421,71570.0797
MAGUK p55 subfamily member 5 OS=Homo sapiens OX=9606 GN=MPP5 PE=1 SV=3,vyESIGQYGGETVk-1,Q8N3R9,74309.12109,44751.74294,54588.62799,31177.35471,51701.43663,45128.70613,48854.80924,53935.0869,59664.36506,55835.20251
Epidermal growth factor receptor kinase substrate 8-like protein 1 OS=Homo sapiens OX=9606 GN=EPS8L1 PE=1 SV=3,vySQVTVQR-1,Q8TE68,8864.819336,10475.62228,6295.859867,5191.957841,7867.012587,8785.953104,9473.679286,7415.605495,8912.505678,7571.211412
Cyclin-dependent kinase 1 OS=Homo sapiens OX=9606 GN=CDK1 PE=1 SV=3,vYtHEVVTLWYR-1,P06493,1884.661133,4646.82389,1939.254249,3716.971189,2638.352832,2257.767214,2650.551207,1438.143479,2017.42759,2958.986985
Dual specificity tyrosine-phosphorylation-regulated kinase 2 OS=Homo sapiens OX=9606 GN=DYRK2 PE=1 SV=3,vYTyIQSR-1,Q92630,125541.4609,188764.8505,175144.6246,131219.1085,136299.5111,182562.9507,168308.0736,187320.1838,151499.1297,159622.0757
Protein LTV1 homolog OS=Homo sapiens OX=9606 GN=LTV1 PE=1 SV=1,wDcESIcStYSNLYNHPQLIk-1,Q96GA3,32040.14648,22326.06437,16357.37722,15113.61698,23949.13419,21481.57051,21978.36331,30500.67432,33566.07992,25171.71676
Tensin-3 OS=Homo sapiens OX=9606 GN=TNS3 PE=1 SV=2,wDsYENLSADGEVLHTQGPVDGSLyAk-2,Q68CZ2,3779.584961,1985.108133,2500.746424,2767.177034,2841.568332,2134.600483,2338.332323,3034.036159,2830.900458,2323.831839
Integrin beta-1 OS=Homo sapiens OX=9606 GN=ITGB1 PE=1 SV=2,wDTGENPIyk-1,P05556,24094.39258,21379.33335,19338.17666,23074.4134,26859.37653,22596.5904,26714.70441,22013.55695,18220.05957,28222.08969
Integrin beta-1 OS=Homo sapiens OX=9606 GN=ITGB1 PE=1 SV=2,wDTGENPIYkSAVTtVVNPk-1,P05556,55080.375,88037.23067,76395.91902,101962.9381,78121.97329,119192.4689,88151.80594,76047.85121,90037.07459,96509.13053
"Oligoribonuclease, mitochondrial OS=Homo sapiens OX=9606 GN=REXO2 PE=1 SV=3",wYPEEyEFAPk-1,Q9Y3B8,7615.406738,3588.581164,4600.733189,5272.61286,5620.788471,3674.23999,5317.449031,5757.733792,4302.695432,5402.210995
Serine incorporator 5 OS=Homo sapiens OX=9606 GN=SERINC5 PE=2 SV=1,yAAPELEIAR-1,Q86VE9,59231.36523,170538.3785,72338.02143,72719.80242,90834.89863,111795.0157,97401.72209,80588.37573,100391.5206,125794.5754
Phosphatidylinositol 4-kinase alpha OS=Homo sapiens OX=9606 GN=PI4KA PE=1 SV=4,yAGEVyGMIR-1,P42356,24758.48438,24345.87444,21862.40983,17138.04797,19492.05176,25803.9515,25647.09678,23438.99295,25871.33331,22622.41156
Activated CDC42 kinase 1 OS=Homo sapiens OX=9606 GN=TNK2 PE=1 SV=3,yATPQVIQAPGPR-1,Q07912,120438.4063,63403.23557,75777.41528,61723.98998,82608.50903,54272.25708,74884.9687,77783.90901,63729.08805,70411.15357
Signal transducer and activator of transcription 3 OS=Homo sapiens OX=9606 GN=STAT3 PE=1 SV=2,ycRPESQEHPEADPGSAAPyLk-1,P40763,226336.8438,161626.7365,215212.8335,127808.0485,183169.1081,140139.5289,225451.0891,268641.2481,233243.5348,213301.012
Uncharacterized protein KIAA1671 OS=Homo sapiens OX=9606 GN=KIAA1671 PE=1 SV=2,yDIVHAVGER-1,Q9BY89,11667.88477,9915.946303,9144.199523,10776.71642,10473.59924,11509.37731,11152.60976,8739.599409,10955.68581,9167.034786
26S proteasome regulatory subunit 4 OS=Homo sapiens OX=9606 GN=PSMC1 PE=1 SV=1,yEPPVPTR-1,P62191,9753.321289,7555.913971,8411.138583,8902.171264,11474.48548,12712.3982,12447.10794,12165.98075,13184.74373,10250.24733
Desmoplakin OS=Homo sapiens OX=9606 GN=DSP PE=1 SV=3,yGDGIQLTR-1,P15924,28223.89844,20936.86394,24349.01573,8624.102189,34000.52048,18918.90886,28264.65025,27936.39685,27289.40462,23322.16033
Sodium/potassium-transporting ATPase subunit alpha-1 OS=Homo sapiens OX=9606 GN=ATP1A1 PE=1 SV=1,yGTDLSR-1,P05023,19030.29297,37167.70726,30035.68322,5547.618759,24205.58631,12085.01609,17765.75194,58322.6766,50766.74469,89655.02478
FYN-binding protein 1 OS=Homo sapiens OX=9606 GN=FYB1 PE=1 SV=2,yGyVLR-1,O15117,19226.69922,22741.0301,18036.26126,10855.32365,21366.74433,14375.26399,18528.30689,18115.14152,16072.94924,19620.44612
Heterogeneous nuclear ribonucleoproteins A2/B1 OS=Homo sapiens OX=9606 GN=HNRNPA2B1 PE=1 SV=2,yHTINGHNAEVR-1,P22626,3874.859619,2822.074809,3278.567902,2724.770666,2806.958869,3360.718274,5620.782614,4322.905331,5108.054748,3592.648036
Cell surface glycoprotein MUC18 OS=Homo sapiens OX=9606 GN=MCAM PE=1 SV=2,yIDLRH-1,P43121,3379.480713,2098.733439,2143.843336,1164.672466,3967.443709,2176.549618,4059.760908,4424.002025,3441.833719,3234.942613
Protein-tyrosine kinase 2-beta OS=Homo sapiens OX=9606 GN=PTK2B PE=1 SV=2,yIEDEDYykASVTR-1,Q14289,83845.14063,45686.71497,79214.87998,50969.64999,74865.43218,54190.22153,88081.58841,90734.65744,98507.27753,101052.3222
Heterogeneous nuclear ribonucleoprotein H OS=Homo sapiens OX=9606 GN=HNRNPH1 PE=1 SV=4,yIEIFk-1,P31943,10019.52832,10361.22665,11782.31519,8151.7725,12470.15804,10300.20356,13088.84719,11612.53785,9369.149576,9615.242208
Heterogeneous nuclear ribonucleoprotein F OS=Homo sapiens OX=9606 GN=HNRNPF PE=1 SV=3,yIEVFk-1,P52597,25305.42383,31009.50372,30112.39018,31350.24884,38954.9542,25406.72407,32857.09677,33951.10515,28604.18633,27627.9702
Heterogeneous nuclear ribonucleoprotein F OS=Homo sapiens OX=9606 GN=HNRNPF PE=1 SV=3,yIGIVk-1,P52597,17927.0332,20949.17043,19129.34095,21541.44459,24247.9921,20664.9305,25866.898,22209.43678,20807.81676,17721.40075
Rho GDP-dissociation inhibitor 1 OS=Homo sapiens OX=9606 GN=ARHGDIA PE=1 SV=3,yIQHTyR-1,P52565,3789.244385,4009.374306,4094.332791,3921.57212,2703.352077,4982.299534,3882.253199,4179.823754,4047.065439,4436.866842
Glutathione S-transferase P OS=Homo sapiens OX=9606 GN=GSTP1 PE=1 SV=2,yISLIyTNYEAGkDDYVk-1,P09211,39778.41895,45777.09182,45733.75492,50098.81347,37899.46584,44170.17559,39822.6626,43492.15278,38382.63834,49651.36462
Aldo-keto reductase family 1 member B1 OS=Homo sapiens OX=9606 GN=AKR1B1 PE=1 SV=3,ykPAVNQIEcHPyLTQEk-1,P15121,50802.27734,56904.3425,48237.26855,44198.4423,44754.22353,45784.28734,36395.43089,41636.51383,40114.37176,40706.77572
Proteasome subunit alpha type-6 OS=Homo sapiens OX=9606 GN=PSMA6 PE=1 SV=1,ykYGyEIPVDMLck-1,P60900,61465.74609,23445.3549,29434.85785,24850.6482,39431.07496,29428.84078,43480.5603,38045.90509,32115.50264,46776.86421
Alpha-actinin-1 OS=Homo sapiens OX=9606 GN=ACTN1 PE=1 SV=2,yLDIPk-1,P12814,28843.92969,11538.88752,21984.12731,11762.43383,25798.2009,15731.81805,21910.28155,21150.0313,20074.58871,19984.24255
L-lactate dehydrogenase A chain OS=Homo sapiens OX=9606 GN=LDHA PE=1 SV=2,yLMGER-1,P00338,10810.37402,9097.679128,10816.63232,8587.465641,9129.094814,10175.94165,10841.23902,13400.50058,12860.67059,12608.22345
Focal adhesion kinase 1 OS=Homo sapiens OX=9606 GN=PTK2 PE=1 SV=2,yMEDSTYYk-1,Q05397,286405.7305,218427.8135,208083.6902,175697.3127,180385.9698,330615.8154,247561.7146,258938.6898,226633.5642,252997.3111
Focal adhesion kinase 1 OS=Homo sapiens OX=9606 GN=PTK2 PE=1 SV=2,yMEDSTyYkASk-1,Q05397,53066.81641,60507.24472,64158.03545,68435.10627,41908.0279,101835.8948,71723.97914,70938.8806,74850.03793,81217.94674
TRIO and F-actin-binding protein OS=Homo sapiens OX=9606 GN=TRIOBP PE=1 SV=3,yQDVyVELSHIk-1,Q9H2D6,13314.47852,6533.335268,5749.743727,7220.90626,9090.58969,6705.467052,9389.902556,5355.282163,8190.442821,6536.981795
Inactive tyrosine-protein kinase PEAK1 OS=Homo sapiens OX=9606 GN=PEAK1 PE=1 SV=4,yQEVWTSSTSPR-1,Q9H792,12464.96387,13696.40661,12471.07389,11229.30874,12673.48753,13134.08332,15947.80859,15027.75203,12953.95945,15489.11584
Enhancer of filamentation 1 OS=Homo sapiens OX=9606 GN=NEDD9 PE=1 SV=1,yQkDVYDIPPSHTTQGVyDIPPSSAk-1,Q14511,41989.48242,82597.74796,47913.57339,76902.48343,44425.07222,62950.42388,62465.66322,54842.4234,59640.43642,68179.89349
Enhancer of filamentation 1 OS=Homo sapiens OX=9606 GN=NEDD9 PE=1 SV=1,yQkDVyDIPPSHTTQGVyDIPPSSAk-2,Q14511,7915.993652,13455.90774,7999.992386,15659.4062,11991.62614,13191.45418,10745.6772,9265.505826,9947.388553,10641.96093
Tyrosine-protein kinase Yes OS=Homo sapiens OX=9606 GN=YES1 PE=1 SV=3,yRPENTPEPVsTSVSHYGAEPTTVSPcPSSSAk-1,P07947,23362.13232,54265.2324,30762.18282,27078.27192,29249.80038,34788.50577,35373.97632,29194.52513,36645.06393,52114.68321
Son of sevenless homolog 1 OS=Homo sapiens OX=9606 GN=SOS1 PE=1 SV=1,ySISDR-1,Q07889,47850.85938,3879.813017,3946.905012,16754.56173,19740.12496,33580.55068,30022.61649,21228.58388,22265.28328,6494.831105
Actin-binding LIM protein 3 OS=Homo sapiens OX=9606 GN=ABLIM3 PE=1 SV=3,ySPIYSPDPYYASEsEYWTYHGSPk-1,O94929,90356.61279,87709.21761,57103.95834,62687.51377,91500.54489,66081.08757,75333.66307,75097.84572,94973.92597,79620.70577
Actin-binding LIM protein 3 OS=Homo sapiens OX=9606 GN=ABLIM3 PE=1 SV=3,ySPIYSPDPYYASEsEYWTYHGsPkVPR-2,O94929,110814.3848,153047.4333,84652.64024,192817.7228,134694.6045,129178.1054,104070.1949,122953.1513,92056.36882,96542.04218
PDZ and LIM domain protein 5 OS=Homo sapiens OX=9606 GN=PDLIM5 PE=1 SV=5,yTEFyHVPTHSDASk-1,Q96HC4,24172.39648,21943.85305,19113.62403,23223.21037,23584.58669,30029.18517,22721.66312,21918.25958,20280.69895,22338.13029
Caveolin-1 OS=Homo sapiens OX=9606 GN=CAV1 PE=1 SV=4,yVDSEGHLyTVPIR-1,Q03135,196142.6465,60355.96419,78619.41984,75908.30701,115941.8602,83054.40745,121160.9292,108523.6907,122758.5363,140266.0627
Tyrosine-protein kinase receptor UFO OS=Homo sapiens OX=9606 GN=AXL PE=1 SV=4,yVLcPSTTPSPAQPADR-1,P30530,208141.9316,37978.75014,69158.92128,112058.9556,165611.0375,158996.499,229445.8115,198241.6609,275676.639,270518.5739
Tyrosine-protein kinase Tec OS=Homo sapiens OX=9606 GN=TEC PE=1 SV=2,yVLDDQyTSSSGAkFPVk-1,P42680,95793.73438,75681.79261,89178.67995,61696.43274,90250.48351,99259.60847,104794.0655,89260.34081,101206.042,92838.90123
Rho GDP-dissociation inhibitor 2 OS=Homo sapiens OX=9606 GN=ARHGDIB PE=1 SV=3,yVQHTyR-1,P52566,6474.353516,5125.36164,4205.225127,5312.904081,3938.275045,4786.244909,4848.5664,3782.289583,5386.571253,4590.74376
Lipoma-preferred partner OS=Homo sapiens OX=9606 GN=LPP PE=1 SV=1,yYEGYyAAGPGYGGR-1,Q93052,54593.94824,65606.8414,69649.33938,63970.01204,57554.92983,72914.57621,65528.95392,60727.16665,70251.65763,75612.68683
"GDP-mannose 4,6 dehydratase OS=Homo sapiens OX=9606 GN=GMDS PE=1 SV=1",yYRPTEVDFLQGDcTk-1,O60547,104024.7227,89235.14606,85098.88715,88689.99149,95634.17053,97183.01833,90317.36203,114593.4695,103381.4712,107946.4605