Elapsed,WT UT 0nM,WT UT 1.6nM,WT UT 8nM,WT UT 40nM,WT UT 200nM,WT UT 1000nM,WT UT 0nM,WT UT 1.6nM,WT UT 8nM,WT UT 40nM,WT UT 200nM,WT UT 1000nM,WT E 0nM,WT E 1.6nM,WT E 8nM,WT E 40nM,WT E 200nM,WT E 1000nM,WT E 0nM,WT E 1.6nM,WT E 8nM,WT E 40nM,WT E 200nM,WT E 1000nM,WT E/R 0nM,WT E/R 1.6nM,WT E/R 8nM,WT E/R 40nM,WT E/R 200nM,WT E/R 1000nM,WT E/R 0nM,WT E/R 1.6nM,WT E/R 8nM,WT E/R 40nM,WT E/R 200nM,WT E/R 1000nM,WT E/A 0nM,WT E/A 1.6nM,WT E/A 8nM,WT E/A 40nM,WT E/A 200nM,WT E/A 1000nM,WT E/A 0nM,WT E/A 1.6nM,WT E/A 8nM,WT E/A 40nM,WT E/A 200nM,WT E/A 1000nM,KO UT 0nM,KO UT 1.6nM,KO UT 8nM,KO UT 40nM,KO UT 200nM,KO UT 1000nM,KO UT 0nM,KO UT 1.6nM,KO UT 8nM,KO UT 40nM,KO UT 200nM,KO UT 1000nM,KO E 0nM,KO E 1.6nM,KO E 8nM,KO E 40nM,KO E 200nM,KO E 1000nM,KO E 0nM,KO E 1.6nM,KO E 8nM,KO E 40nM,KO E 200nM,KO E 1000nM,KO E/R 0nM,KO E/R 1.6nM,KO E/R 8nM,KO E/R 40nM,KO E/R 200nM,KO E/R 1000nM,KO E/R 0nM,KO E/R 1.6nM,KO E/R 8nM,KO E/R 40nM,KO E/R 200nM,KO E/R 1000nM,KO E/A 0nM,KO E/A 1.6nM,KO E/A 8nM,KO E/A 40nM,KO E/A 200nM,KO E/A 1000nM,KO E/A 0nM,KO E/A 1.6nM,KO E/A 8nM,KO E/A 40nM,KO E/A 200nM,KO E/A 1000nM
0,1.706435,2.354358,1.702595,1.612709,1.608005,1.453477,2.536278,2.350374,2.350276,2.379398,1.991087,1.38901,2.552235,2.521436,2.636225,3.420829,3.064782,2.398314,2.89325,2.652722,2.527241,2.629897,1.850263,1.36718,1.875683,3.570788,2.658814,2.408551,2.446862,2.159144,3.499357,2.860698,2.900193,2.21965,2.166125,1.671971,3.22689,3.468762,2.871185,2.433204,2.597535,2.3496,4.527259,3.8942,3.211798,2.503915,2.424576,1.729828,3.075549,3.87215,3.287662,3.618448,3.919574,3.375104,4.510884,4.181228,5.49445,4.452101,3.25262,1.784059,2.466454,3.9563,3.317861,3.584265,2.718091,3.398179,4.378551,3.253008,3.77501,3.271621,3.298095,1.589695,1.957496,3.651008,2.087628,1.491614,1.372158,1.997681,2.82886,2.787498,3.921904,3.372676,2.279268,2.33038,2.388025,3.362114,2.703902,2.710716,1.681311,2.423764,3.721143,3.546895,4.31133,3.230183,3.295432,1.878407
3,2.627332,3.118581,2.201879,1.794788,1.444243,1.501174,3.136807,2.959622,3.08722,2.588452,1.986792,1.397858,3.240966,3.120902,3.456174,3.534776,2.464739,2.150084,4.687652,3.916167,3.297488,2.836971,1.879697,1.408595,2.764218,5.431144,3.572216,2.519288,2.553927,2.133049,5.386353,4.076408,4.434618,2.586934,1.787269,1.58518,3.962264,3.984686,3.873129,3.079928,2.299968,2.558905,5.47822,4.529702,4.399213,2.875844,2.378024,1.737454,3.917806,4.578902,3.901401,3.786171,3.822442,3.409523,5.575913,5.217553,6.414597,4.438207,3.121373,1.915588,3.517909,5.697107,3.943211,3.305235,2.646871,3.42627,6.76924,4.299531,4.026996,3.240078,3.124856,1.598262,3.573134,5.343026,2.655825,1.733008,1.414688,2.071064,4.069192,4.024287,5.190114,3.59677,2.141366,2.174236,3.397459,5.039183,3.56742,2.816992,1.84782,2.533516,5.23722,5.045907,5.221369,3.039924,3.016417,1.893241
6,2.636423,3.090301,2.118663,1.965554,1.643615,1.626094,2.996544,2.706087,3.103966,2.806407,2.233892,1.436594,3.126441,3.211191,3.524321,3.58708,2.6543,2.34894,4.767324,3.765995,3.521915,2.970457,2.011362,1.509658,2.528417,5.146734,3.380408,2.403619,2.713417,2.37272,4.924773,3.692521,4.063593,2.518742,1.912537,1.725549,3.987827,3.92629,3.931077,2.967172,2.461658,2.788097,5.886555,4.625446,4.156908,3.079806,2.693097,1.972148,3.769508,4.535954,4.117686,3.578885,4.215814,3.629481,5.164892,5.173922,6.38939,4.479948,3.265528,2.021022,3.574811,6.002422,4.269186,3.391085,2.726355,3.626219,6.745755,4.362707,4.21384,3.308771,3.353904,1.765157,3.255056,5.137682,2.479945,1.569944,1.55756,2.245168,4.266857,3.81842,5.188923,3.590343,2.170541,2.346831,3.4727,5.124002,3.490805,2.870229,1.886837,2.775395,5.729895,4.979603,5.477369,3.050373,3.319137,2.068818
9,2.971429,3.486396,2.157861,1.984486,1.775348,1.866388,3.29292,3.064661,3.192039,2.851039,2.392624,1.683208,3.598181,3.76925,3.649931,3.800285,2.921235,2.676798,5.250916,4.344587,3.944455,3.165185,2.18473,1.587145,2.764173,6.031332,3.737988,2.50865,2.841918,2.567282,6.053079,4.324806,4.84441,2.760303,2.065722,1.857897,4.196881,4.587795,4.221307,3.329835,2.71709,2.990254,6.652811,5.258034,4.582369,3.420306,3.023724,2.101878,3.991409,4.694139,4.117254,3.566327,4.455386,3.917275,5.827043,5.451821,6.215983,4.53216,3.505161,2.234309,4.226892,6.396409,4.500891,3.496002,2.941684,3.799382,7.772405,4.79908,4.363906,3.509069,3.571153,1.903735,3.772369,5.803361,2.55851,1.598155,1.628864,2.439684,4.776362,4.327659,5.365607,3.399075,2.313869,2.491874,4.13441,5.96474,4.135275,3.120637,2.10162,2.884115,6.53727,5.636685,6.029579,3.206539,3.396002,2.185398
12,3.425587,3.748156,2.698757,2.083068,1.850051,1.986891,4.080499,3.439784,3.479089,2.972134,2.565886,1.709219,4.267935,4.273178,4.097533,4.508191,3.033368,2.835787,6.167694,4.847354,4.271547,3.559794,2.374587,1.664549,3.406116,7.115757,4.210289,2.619274,2.998684,2.806931,7.160889,5.313684,5.75797,3.036267,2.197061,1.960387,4.915197,5.135672,5.005652,3.722995,3.051481,3.212238,7.669528,6.037379,5.245635,3.785041,3.191758,2.306038,4.526014,5.46853,4.398629,3.877067,4.722556,4.065383,6.40666,5.796456,6.936803,4.706955,3.731857,2.357613,5.029858,7.555998,5.257464,3.780109,3.08656,3.982144,8.796339,5.745314,5.015684,3.724375,3.7036,1.914487,4.268838,6.541262,3.01405,1.772533,1.718796,2.562972,5.35871,4.832891,6.068034,3.746904,2.423931,2.430457,4.871984,6.831468,4.825842,3.291395,2.180625,2.98995,7.462492,6.518421,6.886822,3.516391,3.586154,2.364586
15,3.62288,4.207891,2.940993,2.204831,1.902233,2.102197,4.197838,3.960367,3.791407,3.191197,2.597542,1.769111,4.769859,4.960527,4.928788,5.358293,3.089671,2.90662,6.9974,5.366215,5.040451,4.068191,2.445458,1.812438,3.944713,8.230646,4.967759,2.956442,3.033885,2.843792,7.985662,6.127546,6.55542,3.509236,2.335858,1.994737,5.748037,5.89352,6.050484,4.081234,3.108633,3.311609,8.357804,6.716632,6.31298,4.18836,3.31796,2.440071,5.058138,5.852189,5.353459,4.087373,4.99896,4.186152,7.288366,6.436336,7.589333,5.062084,3.972614,2.449821,5.484639,8.239971,6.086298,4.117626,3.075398,4.216512,10.1959,6.004441,5.809939,4.001167,3.916365,2.021196,4.411035,7.120286,3.301714,1.91756,1.809714,2.477441,6.045696,5.284849,7.407716,4.128059,2.593149,2.496138,5.303622,7.667533,5.368385,3.738436,2.238194,3.03025,8.33954,7.150805,7.929027,3.890399,3.792864,2.454283
18,4.152105,4.34496,3.316587,2.402844,1.917204,2.131001,4.874951,4.19349,4.103733,3.20374,2.765015,1.76147,5.515347,5.17185,5.229845,5.882586,3.294794,2.918518,7.636301,5.9263,5.455554,4.510368,2.530496,1.804364,4.509078,8.813154,5.233601,3.165489,3.266545,3.073835,8.691482,6.734601,7.05871,3.89376,2.351801,2.142891,6.076169,6.830072,6.839571,4.683866,3.309189,3.417384,9.434139,7.417155,7.104898,4.745388,3.504433,2.333089,5.567013,6.317926,5.430544,4.624437,5.146143,4.370902,7.847738,7.099488,8.112647,5.341,4.240011,2.48471,5.723764,9.324237,6.806375,4.384128,3.168592,4.232067,11.1621,6.460336,6.203228,4.515474,3.969639,2.060319,4.993527,7.638328,3.587763,2.000018,1.75713,2.507656,6.271534,6.02948,7.974881,4.50577,2.74883,2.479717,5.671582,8.220926,5.849655,4.112982,2.298382,3.01669,9.426908,7.721476,8.583551,4.316952,3.845554,2.531816
21,4.094506,4.680132,3.334426,2.72187,2.042723,2.258652,5.486779,4.570745,4.456577,3.319796,2.908889,1.864142,5.690317,5.520325,5.653425,6.389511,3.611005,2.924892,8.3603,6.190048,5.949701,4.932293,2.559823,1.935984,4.744242,9.354383,5.550479,3.496974,3.627911,3.045858,9.020296,6.989896,7.346732,4.335133,2.486903,2.10401,6.720085,7.101051,7.154887,5.142849,3.499295,3.574985,10.14499,7.983348,7.464299,5.088224,3.653929,2.427976,6.162572,6.818773,5.937257,4.996813,5.495512,4.549483,8.316601,7.553783,8.422779,5.774079,4.533504,2.510858,6.217569,10.08838,7.361726,4.962637,3.363048,4.325701,12.16822,7.151132,6.696912,5.008931,4.28912,2.10612,5.459917,8.705868,3.851344,2.285983,1.796746,2.565104,6.676948,6.614659,8.602536,4.716372,2.969159,2.689758,5.874285,8.638382,6.628492,4.678668,2.764954,3.186022,10.14102,8.364838,9.146118,4.770679,4.122437,2.688893
24,4.26581,5.467543,3.794738,2.8041,2.052329,2.120301,5.251038,4.685482,4.805613,3.520398,3.064251,1.828775,6.331524,5.989355,5.920305,6.602533,3.832791,3.193852,8.639702,6.694613,6.557295,5.058313,2.657229,1.886511,5.047007,9.80619,6.029222,3.65289,3.815962,3.123884,9.650661,7.193767,7.663587,4.566503,2.678399,2.411836,6.847797,7.762055,7.842403,5.311119,3.679789,3.695154,10.9211,8.746311,8.140532,5.452997,3.758104,2.569444,6.310445,7.692914,6.606024,5.420035,5.970522,4.83167,8.648625,8.136913,9.371297,6.333391,4.889627,2.769499,6.618279,10.69473,8.105537,5.54255,3.57755,4.617023,12.93686,7.683399,7.191848,5.397317,4.769176,2.176793,5.698291,8.96495,4.205911,2.467107,1.936022,2.639238,7.152444,6.934124,9.021457,5.267602,3.109915,2.728358,6.568903,9.248479,6.742485,5.019888,2.632879,3.299172,10.79876,8.945335,9.918558,5.254839,4.84441,2.732797
27,4.785786,5.644175,4.035343,3.135054,2.128884,2.206963,5.438034,5.257184,5.328525,3.861383,3.126715,1.896808,6.578192,6.54894,6.13433,6.746325,4.215464,3.284391,9.26874,7.501692,7.070214,5.356358,2.889457,1.936067,5.373795,10.59115,6.173278,3.929423,4.233288,3.299749,10.59435,7.85758,8.223225,4.832406,2.830574,2.36621,7.713546,8.39418,8.550074,6.089956,4.243267,3.960609,12.08266,9.413736,8.788242,5.771151,3.987721,2.769954,6.670976,7.688059,6.962875,5.870476,6.333223,5.104311,9.661793,9.23769,10.47964,7.101741,5.322767,2.944211,6.975843,11.71386,8.538995,5.891206,4.041345,4.953638,13.69462,8.138575,7.391523,5.9185,5.100805,2.474732,6.028076,9.77926,4.204947,2.691306,2.039027,2.734542,7.339766,7.180231,9.307725,5.801297,3.408264,2.843185,6.811618,10.03867,7.283949,5.485003,2.851054,3.514661,11.59391,9.70672,10.47096,5.772326,5.225088,2.84465
30,5.37318,6.62554,4.703207,3.279042,2.221251,2.224969,6.109358,5.535455,5.843744,4.345536,3.387693,2.057087,7.350115,7.018912,6.650519,7.331207,4.542465,3.549566,10.03228,8.066125,7.667563,5.693245,3.19707,2.005694,5.76813,11.35414,6.486332,4.201078,4.566996,3.775214,11.42768,8.710626,8.809603,5.139253,3.142596,2.523469,8.733701,9.162121,9.560691,6.359356,4.56148,4.470182,13.57662,10.21543,9.60171,6.100397,4.25373,3.037663,7.225226,8.018618,7.375346,6.402487,6.737886,5.355478,10.33909,9.887236,11.67337,7.669908,5.814007,3.032928,7.690084,12.08229,8.88643,6.274448,4.557178,5.322402,14.18957,8.899299,7.923548,6.338938,5.580148,2.717484,6.157769,10.44508,4.561777,2.798622,2.199087,3.019171,8.317041,7.275618,9.989088,6.221151,3.706066,2.887886,7.386865,11.17783,7.736188,5.851013,3.336293,3.852937,12.62368,10.60976,11.00332,6.052479,5.712784,3.073432
33,5.946992,6.73841,4.603176,3.622425,2.347779,2.640346,6.967443,5.982473,6.165327,4.708883,3.561387,2.286021,8.296797,7.430252,6.945219,7.573853,4.822535,3.595738,10.6343,9.133492,8.24577,5.86436,3.399917,2.154515,6.119207,11.81226,7.159925,4.328714,5.047174,4.064526,11.95083,9.313568,9.535316,5.315694,3.515913,2.709039,9.845177,10.24444,10.8003,6.524363,4.772317,4.67935,14.6798,11.42571,10.21818,6.571833,4.50256,3.380598,7.62743,8.646106,8.555871,6.594627,7.080958,5.7429,11.50809,10.70568,12.53536,8.640088,6.031719,3.307368,8.674022,12.862,9.939175,6.999631,4.961294,5.723506,15.93127,9.79043,8.727979,6.871675,6.248361,2.669324,6.499353,10.883,4.708002,2.885807,2.559679,3.246179,8.83937,8.166893,10.63276,6.104077,3.90801,3.379323,8.510632,11.63036,8.427606,6.064779,3.805339,4.165142,14.29335,11.80431,11.82329,6.32059,6.018698,3.444762
36,6.690902,7.10071,5.568675,3.803942,2.637955,2.823874,7.508771,6.444364,6.745611,5.02155,3.680753,2.535405,8.976294,8.321147,7.453342,8.208459,5.426857,4.059427,11.72549,9.857985,8.693493,6.32757,3.674326,2.46763,6.581431,12.59059,7.976892,4.429147,5.373446,4.355385,13.19362,10.02242,9.741039,5.41804,4.004073,3.028709,10.48456,10.97367,11.17811,6.979986,5.220967,5.008711,16.2778,12.54183,11.38806,6.89152,5.011473,3.710171,8.003169,9.350636,9.18053,7.299057,7.734389,6.347361,12.66844,11.57657,13.1491,9.430497,6.29357,3.554968,9.280045,13.85769,10.16123,7.047344,5.24943,6.244028,16.13487,10.40297,9.20447,7.091035,6.38357,2.903866,7.030825,11.64174,5.332175,2.948278,2.425183,3.814049,9.085909,8.836691,11.44493,6.693308,4.137278,3.439791,8.749347,12.5138,8.726789,6.313146,3.734695,4.492445,14.92732,12.18936,12.76986,6.636884,6.205793,3.571654
39,7.632613,7.57528,6.20341,3.944948,2.72533,2.904966,8.225425,7.609591,7.468988,5.289736,3.875656,2.702073,9.619246,9.044797,8.145836,8.438015,5.381808,4.323106,13.24829,10.43133,9.413638,6.578859,3.937572,2.529759,6.996049,13.33024,8.293156,4.464249,5.729395,4.793867,13.6513,10.46144,10.29594,5.606842,4.073745,3.252082,11.03094,12.2146,12.39054,7.640171,5.572909,5.269097,17.64538,13.31065,12.50319,7.477494,5.232348,3.952817,8.795519,9.849812,10.2337,8.041981,8.095824,6.785076,13.69513,12.56798,13.93031,10.19137,6.79173,3.894443,10.4344,14.65028,11.28685,7.29669,5.490877,6.721557,18.23131,11.15588,9.782075,7.355814,6.621981,3.158546,7.695616,12.27575,5.694338,2.971254,2.561485,3.895566,10.25423,9.624324,12.23086,6.900578,4.124037,3.633731,9.68149,13.44525,9.377831,6.562553,3.78328,4.674692,15.97649,12.91911,13.25295,6.887831,6.52884,3.695951
42,8.718433,8.240973,6.511548,4.25395,2.991043,3.203815,9.102382,8.422658,8.61202,5.290244,3.979253,2.648783,10.54146,9.940025,8.405236,8.779903,5.590111,4.652239,14.4609,10.93787,10.13684,6.827181,3.928095,2.802932,7.260033,13.78872,8.414076,4.668667,5.931338,5.348337,14.51381,10.73218,10.97383,5.840792,4.073798,3.213073,11.80895,13.18978,13.10264,8.253941,5.70402,5.975803,19.71006,14.63425,13.57709,7.801164,5.158352,3.884154,9.525354,10.84039,10.69859,8.741038,8.778249,7.054643,14.96863,13.70641,14.94426,10.67704,7.186483,4.098436,11.10341,15.56936,11.69775,7.465307,5.501749,7.025825,19.79044,11.76544,10.07427,7.50934,6.434765,3.180543,8.069775,12.84674,5.756483,3.080869,2.500812,4.110736,10.78726,10.0345,12.35844,7.110536,4.443769,3.696422,9.877614,13.90017,9.760921,6.760984,3.835485,4.797,17.08446,13.7363,13.58362,7.03723,6.551505,3.839651
45,9.400799,9.000567,7.287615,4.675504,2.985079,3.321405,9.999605,9.137938,9.375401,5.648325,4.258981,2.696655,11.41228,10.85752,8.996364,9.098391,5.657969,4.821236,15.2692,11.7622,10.80599,7.018813,4.381517,3.076339,7.638032,14.31198,8.748838,4.771764,6.016209,5.535842,15.10669,11.31922,11.25995,5.983953,4.154503,3.433789,12.76875,14.84409,13.96017,8.849788,5.754723,6.406826,21.40024,15.80829,14.46287,8.250837,5.466094,3.932648,10.83618,12.28557,11.8938,9.285561,9.504214,7.328278,16.14862,14.60656,16.45468,11.30475,7.855705,4.332166,11.39635,16.42193,12.37315,7.749315,5.501916,7.195922,20.95833,12.29164,10.52034,7.707438,6.645428,3.365817,8.652805,13.13172,6.008165,3.297207,2.66399,4.268147,11.3938,10.28272,12.58762,7.219984,4.516416,3.832784,10.43966,14.25566,10.26253,7.021044,4.030448,5.021208,18.30251,14.16991,14.18284,7.307821,6.671302,3.852087
48,10.28476,10.33625,7.975367,4.91069,3.15718,3.470621,11.26002,10.04728,10.68681,5.795872,4.727048,2.682481,12.06226,11.28094,9.485729,9.043713,5.464417,4.877311,16.46413,12.28977,11.35333,7.223467,4.256188,3.181939,8.100885,15.07634,9.167812,4.885696,6.046591,5.587819,15.89558,11.47945,11.47102,5.990175,3.974473,3.900862,14.31766,16.09238,15.20147,8.919209,5.945574,6.752273,23.35304,17.74126,15.42686,8.625011,5.383166,4.215312,12.78485,13.80779,13.10917,10.0205,10.17712,7.719039,18.46944,17.40602,18.39054,12.42486,8.433463,4.413136,12.51297,16.84953,12.7122,7.996021,5.610727,7.648738,22.59881,12.91846,10.97301,8.106637,6.701411,3.265581,9.135221,13.53094,6.166093,3.390243,2.813077,4.162516,12.15601,10.62118,13.13707,7.443538,4.764372,3.82364,11.61249,15.14115,10.87358,7.341769,4.010272,5.281071,19.2165,14.74147,14.78862,7.540989,6.548454,3.727532
51,11.05644,11.34971,8.896529,5.216589,3.44552,3.665205,12.17965,10.76263,11.47222,6.149134,4.778175,3.002842,13.14022,12.06439,10.17317,9.146611,5.591582,5.145262,17.78502,12.74315,11.88027,7.414864,4.142021,3.611498,8.36845,15.5537,9.412249,5.020753,6.182741,5.870817,16.6498,12.02802,11.64871,6.255956,4.112124,6.324467,15.9189,17.70526,15.78811,9.1759,6.388979,7.191839,25.06869,18.89077,16.6846,8.873174,5.507843,4.350453,13.86153,14.95852,14.27725,10.65971,10.85642,7.841834,20.76032,18.87524,20.67006,13.55656,9.04677,4.471905,12.53137,17.625,12.89226,8.311077,5.812193,7.779796,24.10793,13.3584,11.33421,8.40025,6.819881,3.371325,9.16414,13.97148,6.354675,3.604054,2.920339,4.218249,13.15751,10.89269,13.72901,7.55694,4.866635,3.897387,12.18839,15.64652,11.28166,7.530519,3.884458,5.798451,19.54723,15.33989,15.37634,7.725368,6.575551,3.706847
54,12.055,13.18005,10.06804,5.716153,3.738436,3.873797,13.55987,12.18217,12.69302,6.419886,5.201785,2.924816,13.93563,12.28653,10.48663,9.328525,5.700257,5.094037,18.9412,13.76316,12.15779,7.432035,4.134304,5.607199,8.649081,15.85226,10.02054,5.109744,6.441321,6.171199,17.4241,12.45278,11.7527,6.363204,4.473278,6.023934,17.01703,18.65636,16.38464,9.528935,6.694378,7.358546,27.80598,20.461,17.32023,8.931017,5.688131,4.45207,15.06837,16.22668,15.66788,11.14538,11.40726,8.063667,23.28224,21.22376,22.50121,14.83165,9.528071,4.547974,13.83832,18.42685,13.60343,8.673469,5.978816,8.222543,24.80464,14.25435,11.70675,8.939613,7.031379,3.333364,9.662991,14.14197,6.679141,3.618577,2.79026,4.598107,13.60121,11.64173,14.04854,7.823206,4.8697,3.881506,13.12273,16.42356,11.65082,7.782133,3.938498,6.461596,20.73548,15.84349,15.72942,7.806566,6.546292,3.630764
57,14.56206,15.14256,11.13865,6.450442,3.964972,3.919498,15.66489,13.81819,14.20168,6.844057,5.158253,3.110272,14.37655,13.33124,10.91799,9.640895,6.145127,5.388599,20.56364,14.52664,12.42827,7.402397,4.200015,8.293049,9.208795,16.25844,9.792759,5.2119,7.023336,6.237631,17.1554,12.80204,11.99034,6.552233,4.545075,8.25178,18.42696,20.48286,17.55752,10.32547,7.469102,8.085528,30.8459,21.67563,18.08729,9.678113,5.960119,4.134714,17.52531,18.44337,17.62163,12.97934,11.90885,8.478292,25.52653,23.43739,25.38839,15.9107,10.02375,4.525991,14.18312,19.01613,13.81425,8.699813,5.902915,8.846222,26.58087,15.00196,12.42156,9.412848,7.078044,3.449929,10.76629,14.84842,6.848731,3.747147,2.74474,4.50061,14.67932,12.12064,14.46048,7.911325,5.087739,3.757337,13.3038,16.51461,12.43327,8.357736,4.295858,7.323269,21.89066,16.5661,15.98723,8.181932,6.624668,3.620186
60,16.20937,16.37373,12.13907,6.866638,4.21853,4.261947,17.99624,16.15499,14.89264,7.474808,5.722224,2.930279,15.5146,13.69959,10.95637,9.704178,6.072966,5.282839,21.05656,15.31471,12.75655,7.601761,4.060125,6.883157,9.384121,16.3679,10.54705,5.36494,7.195854,6.467431,17.83548,12.96648,11.90575,6.672137,5.06779,7.156784,19.99751,21.96433,18.69016,10.42736,7.442013,8.242036,32.65903,22.604,18.82236,9.555956,5.809515,4.048447,20.22696,21.29547,19.01856,14.14707,12.78266,8.961368,29.69424,26.03292,27.71763,18.11129,11.14495,4.828377,15.32994,19.43,14.30078,9.058356,6.481127,8.832586,27.3425,15.2403,13.28529,9.963032,7.138269,3.415609,10.90618,14.92261,7.225606,3.803821,2.799517,4.519989,14.7555,12.24347,14.89988,8.227687,4.751291,3.893411,13.94574,17.01983,12.66534,8.291668,4.006569,8.269876,22.678,16.49098,16.70989,8.239251,6.521206,3.662648
63,17.76573,18.82626,13.55209,7.634662,4.422789,4.8971,21.13671,18.14575,16.83009,7.97306,6.028167,2.970328,16.24418,14.3834,11.3255,9.841125,6.432239,5.540387,21.82211,15.81647,12.91607,7.624282,3.936457,6.90589,9.362586,16.72297,10.81266,5.252092,7.819064,6.929883,18.20031,13.16117,12.12196,6.718515,5.102444,5.270713,20.49512,22.73856,19.60591,11.09357,8.263813,9.007701,33.99718,23.92845,19.48195,9.79861,5.89912,3.919233,23.89062,24.02501,21.46877,15.45666,14.10052,9.458535,32.04506,28.88545,30.49277,20.01214,11.77078,4.88477,16.06549,20.37429,14.97191,9.238735,6.649434,9.380713,28.36357,15.93812,13.87514,10.60388,7.177788,3.508962,11.3544,15.56891,7.354563,3.890695,2.873286,4.408826,15.2478,12.77741,15.17272,8.346824,4.722199,3.869949,14.31566,17.42889,13.15783,8.757808,4.107428,9.018672,23.24295,17.09669,17.09298,8.601792,6.522845,3.665569
66,20.35892,20.75723,15.33725,8.314386,4.611204,5.085455,24.11914,20.26237,18.25132,8.378755,6.432458,3.027867,16.86771,14.9539,11.83298,9.880489,6.519931,5.805455,22.86153,16.11937,13.04372,7.578671,3.854053,5.610158,9.672886,16.92802,10.88077,5.456025,8.134757,7.319651,18.4018,13.3399,12.81522,6.853161,5.289721,4.374378,21.92799,24.0545,20.47875,11.53144,8.936344,9.595989,36.06067,25.9287,20.38071,10.24179,5.952979,4.309153,25.93771,27.66512,23.32107,16.67868,15.00763,9.775164,36.98973,32.03125,33.48704,22.08639,12.603,5.038212,16.18024,20.91736,15.20876,9.222824,6.990154,10.00646,29.59002,16.64185,14.33352,11.13774,6.839769,3.368268,11.45478,16.04178,7.684947,3.8942,2.870456,4.237864,16.0471,12.92529,15.35721,8.576615,4.850935,3.850335,14.97085,18.08821,13.61518,8.814831,4.028286,9.891029,24.39611,17.52093,17.84146,8.932231,6.598686,3.620095
69,23.43794,24.54419,17.36004,9.019423,4.8697,4.837588,28.03142,23.03922,19.78974,9.071112,6.76348,2.898198,17.54799,15.40385,11.95769,10.35644,7.018965,5.876234,23.57075,16.51056,13.53925,7.603537,3.722661,4.684722,9.55374,16.93641,10.70958,5.500665,9.096189,7.628691,18.69336,13.63056,12.89537,7.077126,5.485466,3.909148,23.53054,25.60602,20.99868,11.54197,10.36674,11.36466,37.98974,26.81752,20.81505,10.69372,5.76379,4.077053,31.21301,31.93465,25.12896,18.28834,16.01583,10.06292,40.05794,35.36855,36.2376,24.03385,13.28267,5.030238,16.89694,21.60872,15.7046,9.676459,7.23478,10.32573,31.08813,17.33714,14.90832,11.9888,6.814722,3.486283,12.13946,16.60153,7.904047,4.128158,2.952459,4.060785,16.94501,13.55815,15.83298,8.646319,4.86143,3.772073,15.72062,18.00763,14.21608,9.225177,4.212945,10.96707,25.23586,18.36579,18.39988,9.232575,6.36614,3.622872
72,27.16235,28.53351,19.69102,9.829067,5.181616,4.541691,32.10153,27.26494,22.46497,9.332417,7.555627,3.118087,18.46186,16.41301,12.47305,10.59791,7.45269,6.380732,24.53052,17.37519,14.05091,7.803121,3.727965,5.444149,10.04144,17.20856,11.01402,5.665838,10.25246,8.849295,19.22506,14.0097,13.14383,7.589158,4.937726,3.616832,25.08735,26.44715,21.49447,12.34964,10.78531,12.75681,40.73542,28.14768,22.32569,10.88218,5.59442,3.840463,35.31438,35.97868,27.68198,19.80612,17.60194,11.12972,46.64972,40.24834,40.88852,26.78716,14.17526,5.265698,17.14986,22.36132,16.15348,10.14189,8.758225,11.60427,32.84464,18.26543,15.96234,13.51648,7.096651,3.560925,12.76905,17.27261,8.383042,4.363201,3.124181,4.295516,17.60805,14.05862,16.00144,9.424374,5.001024,3.825378,16.14562,18.87646,15.10384,9.395,4.668188,13.1092,25.98545,18.75446,18.99427,9.785824,6.573305,3.628973
75,31.9633,32.33263,22.81001,10.73007,5.662939,4.940905,36.53529,31.05756,25.1164,9.708472,7.852898,3.429449,19.1505,16.93979,12.69231,10.54296,6.879203,5.910957,24.77015,17.68717,14.10664,7.913047,3.73097,10.48563,10.08077,17.18029,11.36108,5.836383,11.38527,9.230276,19.49814,14.77312,13.63983,7.797377,5.261395,3.935137,26.83003,27.07989,22.33694,12.9559,11.05092,14.09255,42.21913,29.322,22.93197,11.126,5.903165,4.599905,39.73356,39.50984,30.86698,21.72651,18.67108,12.06923,50.72105,44.64881,44.96481,29.60741,15.29046,5.929122,17.61515,23.31592,16.34076,10.49422,9.192738,12.81891,33.67676,19.12777,16.68569,13.83451,7.286514,3.74396,13.43693,18.10196,8.62826,4.383089,3.083221,4.265158,18.37331,14.29299,16.61394,9.674137,5.058237,3.889815,16.38204,19.39255,15.38023,9.676368,4.381268,14.03515,26.73067,19.28297,19.70884,9.802844,6.628833,3.682035
78,35.9589,36.24055,24.92666,11.66425,5.732862,5.338352,41.65627,34.01253,27.42767,10.96464,8.419638,3.550203,19.71198,16.92318,12.87612,10.63942,6.822833,5.76728,25.7466,17.79074,14.35083,8.062748,3.808897,11.38974,9.935692,17.03667,11.24665,5.848729,12.4715,10.42073,19.45846,15.20575,14.20523,8.066845,5.045482,4.217497,27.64765,27.57654,22.58641,13.88294,11.67817,15.44928,43.08696,29.81914,23.3969,11.30981,6.135225,4.391913,45.29404,44.00642,34.48086,24.60688,19.91541,13.44642,55.65487,48.14792,49.07096,32.89752,15.99104,6.751097,19.00141,24.12055,17.10392,10.88915,9.520133,14.6301,35.23119,19.66703,17.75375,15.09983,7.220545,3.713305,13.632,18.76294,8.923534,4.443428,3.29075,4.246051,18.813,15.09603,16.8246,9.629969,5.111345,3.932693,17.46683,19.60135,16.35033,9.934303,4.597235,15.11561,27.44114,20.2339,20.67478,10.41387,6.505302,3.665736
81,40.05786,40.57573,29.04617,13.24326,6.047221,5.652142,47.89677,37.6688,30.22621,11.38757,8.785367,5.079734,19.7904,17.12916,12.92065,10.94718,6.998158,5.865908,26.53618,18.06109,14.40715,7.808296,3.765305,10.40437,10.13899,17.24571,11.77485,5.872737,12.87952,11.57368,20.07792,15.69484,15.51174,8.870358,5.176357,4.505254,28.26381,29.03191,23.10166,15.03857,12.80732,17.69851,44.82964,30.63788,23.89431,11.48871,6.247989,4.404972,49.46661,47.40404,37.80106,28.24996,20.94258,14.64932,60.77133,53.24044,54.22288,37.00176,17.0554,7.060114,18.96731,25.03696,17.41528,11.43434,10.4184,14.80687,36.49744,20.34825,18.49892,16.27674,7.050455,4.084512,14.2895,19.23655,9.45012,4.836336,3.461705,4.463088,19.66413,15.42361,16.96965,10.15252,5.196488,3.898214,17.80912,20.65607,16.61545,10.34182,4.55591,15.58761,28.75017,21.00241,21.53746,10.57843,6.606631,3.644194
84,45.11128,44.85162,32.53857,14.0616,6.639813,5.467649,53.66658,41.64252,32.18441,11.90647,9.08905,8.688416,20.2569,17.32154,13.19667,11.09891,6.883399,5.807474,27.00932,18.40098,14.32673,8.066406,3.697196,10.24139,10.03007,17.09884,11.92564,5.979719,13.74684,12.83966,19.87957,16.54894,16.42695,9.602357,5.066068,4.730326,29.27913,30.19527,22.88002,16.23364,12.28875,19.08227,45.73383,31.09569,24.18594,11.93176,6.127455,4.574949,53.31256,52.74921,42.20345,30.52125,22.33857,15.68407,65.74438,58.05528,57.88629,40.63039,18.14776,7.452021,19.83286,25.6179,18.27465,12.05612,11.72773,16.94443,37.80214,21.59709,20.4781,16.66807,7.026895,3.736713,14.4113,19.15387,9.795589,4.708715,3.400266,4.567224,20.25722,15.69013,17.63716,10.14365,5.207946,3.789502,17.83738,21.11015,17.16425,10.64053,4.61065,16.83387,29.40992,22.13831,22.3219,10.68035,6.632673,3.781968
87,49.39679,48.85225,35.74072,15.83508,6.871752,6.272588,57.50641,45.66357,34.38609,12.80058,9.70962,9.257114,20.2792,17.9649,13.0999,11.39962,6.439219,5.682417,27.43674,18.46511,14.49078,8.262812,3.729862,9.55969,10.13301,17.05476,12.49723,6.272392,14.89753,13.53795,20.49664,18.14204,16.74679,9.992367,4.881067,4.763196,30.31239,30.59501,23.07836,17.31007,13.31395,19.79099,46.6686,32.36518,24.89523,12.19623,5.867084,4.328228,58.29157,57.62175,45.75284,34.18034,23.97585,17.30388,70.53777,62.55562,63.74711,43.53119,18.97045,7.315477,20.1705,27.03547,19.31845,12.96222,11.76759,17.92707,39.3914,22.88633,21.68265,17.80343,7.088091,3.854531,14.90078,19.34545,9.915046,4.699382,3.591572,4.32256,21.19916,16.21578,17.48519,10.20831,5.466314,3.719428,18.85636,21.35021,17.62487,11.25054,4.756201,16.8593,30.4553,23.52547,23.19292,10.92279,6.684445,3.764493
90,52.53587,53.43346,39.65884,17.03922,7.217548,6.195436,62.71173,49.90076,37.40518,13.29614,10.44438,9.979634,20.40242,18.41094,13.49445,11.42964,6.199442,5.519983,27.78418,18.67701,14.44874,8.08285,3.684076,9.366403,10.06059,17.30273,13.09223,6.433687,15.98907,14.91868,21.03612,19.38266,17.59295,10.60947,4.880771,4.990856,30.86113,31.20125,23.61843,18.24212,13.05368,21.79108,46.80328,33.47429,25.2311,12.60624,6.038858,4.10179,61.0406,62.09665,49.21251,37.33608,25.84035,19.02392,75.24149,67.58656,66.35332,47.04329,19.94069,7.189701,20.55561,27.05078,19.67232,13.35711,12.81028,19.33716,40.76465,23.23827,22.04649,18.49454,7.126076,3.978623,15.19518,19.74099,10.26487,4.815751,3.391381,4.442358,21.5365,16.61492,18.05445,10.56898,5.379144,3.780078,19.32449,22.58636,18.10176,11.2895,4.689299,17.72813,30.92693,24.22799,23.95609,11.27251,6.773201,3.761321
93,57.50991,58.45192,43.62056,18.3134,7.673049,5.857113,64.23441,53.38598,40.4502,14.27079,11.05347,8.8876,20.22436,18.92445,13.71463,11.36035,5.954626,5.450478,27.9027,18.57266,14.76722,8.215538,3.701711,9.465759,10.01326,17.53107,14.36655,6.659579,16.52836,16.39113,21.29748,20.48383,18.52219,11.28175,4.590504,5.121224,31.8638,32.01988,23.96843,19.91043,14.20279,23.09631,47.28487,34.84336,26.32025,12.76595,5.74803,4.468862,64.94547,65.0177,52.44097,40.48917,27.92609,20.62541,80.28012,71.00055,70.26455,51.22038,21.17144,6.897938,21.7195,27.31078,20.32309,14.22816,13.14021,21.25221,42.41033,24.48107,23.41074,19.38894,7.306251,4.026359,15.61848,20.21445,10.2786,5.117134,3.359906,5.244103,22.51255,16.99607,18.80385,11.02144,5.556489,3.607537,20.31348,23.47997,18.74061,11.72037,4.57466,17.69054,32.24646,25.11556,24.47871,11.38198,6.886913,3.783417
96,60.73208,62.57359,46.84717,20.03112,8.147991,6.74124,68.87702,55.76131,43.27833,15.38553,11.43203,10.60231,20.23874,19.34368,13.84501,11.54635,5.92482,5.147076,28.08232,18.60556,14.97598,8.268896,3.733071,9.310814,10.19206,17.49006,15.44171,6.819662,17.66135,16.88457,22.51504,21.56256,20.00077,12.37739,4.568074,5.009151,33.59052,32.5032,23.94055,21.52311,13.49518,23.88392,47.94612,35.80352,26.42921,13.50436,5.866128,4.636062,67.58158,68.47645,56.50169,45.02226,30.00439,21.98409,83.06424,74.94198,74.82689,56.50169,22.38027,6.586212,22.08757,28.14799,21.01282,15.02853,14.71833,22.13528,43.83347,25.01162,24.6375,19.67535,7.258044,3.970572,15.88508,20.88371,10.72596,5.141688,3.361188,7.13352,24.03489,17.94243,19.07161,11.26697,5.688131,3.514365,20.3021,23.91553,19.76081,11.88324,4.344004,17.64299,32.62703,25.76128,24.42449,11.72407,6.905503,3.76881
99,64.17319,65.72781,49.20987,21.85409,8.889321,5.296497,72.82103,58.30705,45.8559,16.3429,11.85875,10.06124,20.18748,19.32786,13.64957,11.89553,5.746642,4.76089,28.21602,18.97746,15.39751,8.34498,3.545445,7.324468,10.07408,17.7795,16.29472,7.114102,18.25092,17.55018,23.16086,23.38892,22.02133,12.79051,4.701234,5.509672,34.24665,32.70976,24.66039,22.97563,13.23537,24.33598,48.36403,36.95129,27.2594,13.59474,5.774884,5.157888,71.65276,70.1977,62.54941,48.21625,32.18983,23.92824,85.32658,78.1493,78.97504,60.46812,22.8313,6.807187,22.75426,28.80235,21.8988,15.73623,16.00287,22.79885,45.51232,26.63871,25.78374,20.55101,7.440351,3.91358,16.71788,21.53213,11.22018,5.406605,3.567071,7.111834,23.84109,17.69122,19.39815,11.16361,5.674131,3.602271,21.00379,25.04069,20.06842,12.36575,4.318705,17.73849,34.20485,26.63591,26.0917,11.97409,7.075601,3.772961
102,68.2981,68.8945,52.55649,23.87875,9.094058,5.428314,76.19331,61.11693,48.37008,17.67285,12.26094,11.0144,20.42866,19.38751,13.61876,11.81622,5.685377,4.774965,27.86321,19.17173,15.72165,8.439784,3.515883,5.894856,10.1107,18.05956,17.27032,7.598711,18.68937,18.82694,24.36283,24.04372,22.82101,12.93149,4.268299,6.405127,33.69751,33.43401,25.54371,23.93922,13.87408,24.53763,49.15428,38.61487,28.29899,13.65515,5.580072,5.361859,75.00441,73.99588,66.50455,52.0251,33.98692,25.05581,87.40871,81.23508,81.936,64.1518,23.92447,6.668131,23.84911,29.9334,22.94928,16.00014,16.37742,24.27199,48.08024,27.99757,26.42871,20.98027,7.520646,3.926882,17.15117,22.07656,11.54823,5.327835,3.599115,6.476954,24.76888,18.70049,20.32521,11.48859,5.760262,3.585912,21.42461,26.0676,21.09636,12.65348,4.275499,18.69499,34.13304,27.12658,27.09909,12.23851,7.117281,3.999088
105,71.65731,71.66267,54.40456,25.15854,9.409502,5.604322,79.32302,63.06093,51.00975,18.53741,12.59008,11.3652,20.68793,19.84145,14.12365,12.02004,5.717436,4.841906,27.83443,19.41098,16.30236,8.586913,3.588643,4.894444,10.03355,18.01112,18.09033,7.863649,19.81838,19.19321,25.75652,24.97964,24.05536,13.77162,4.387399,6.306704,34.23375,33.78624,26.23067,24.85461,13.38832,25.28957,49.61533,40.16466,29.58977,13.80645,5.596902,5.019979,77.27126,76.8465,69.52058,55.41826,36.39289,25.95608,89.20222,83.98722,84.34028,68.07092,25.24928,6.286558,24.19919,30.59013,23.5929,16.81616,17.51156,25.00358,48.95235,28.99605,27.71919,21.54505,7.648571,3.892561,17.35876,22.77795,11.83881,5.497462,3.605223,5.776789,25.42485,19.57773,20.90888,11.6367,5.811928,3.462517,22.45838,26.79157,21.56294,13.24447,4.287746,18.77666,34.78461,28.2692,28.64206,12.54878,7.252293,4.710825
108,74.88889,73.65952,57.38339,27.32543,9.529269,5.744205,81.91962,65.10913,53.15962,19.44888,12.7806,7.540117,20.66379,20.26482,14.05729,12.0877,5.340529,4.713253,28.38721,19.33611,16.3242,8.61426,3.476464,4.485184,9.944964,18.09943,19.99545,8.116721,20.2029,21.13068,26.65916,27.18704,25.59109,13.7449,4.423479,6.400248,34.53926,34.08973,26.85043,24.84147,13.47889,25.35624,51.15538,41.17345,30.17611,13.83286,5.46145,4.833696,79.62516,80.94485,72.8872,59.02091,38.82596,26.43723,91.53628,87.30108,88.01756,71.4874,26.40745,6.416235,24.79525,31.34096,24.65236,18.13378,18.51868,25.70585,50.74063,30.75528,28.92075,21.54484,7.803303,3.82578,18.10061,23.26643,12.07369,5.416196,3.721257,5.208416,25.81095,20.0838,21.47314,11.89578,5.970416,3.510594,22.83536,27.51542,22.40349,13.51048,4.350696,19.14707,35.93459,29.37583,29.77562,12.58395,7.214861,4.500564
111,77.99492,76.06669,59.71121,29.0637,9.783001,5.078519,84.78849,67.80405,55.58843,20.53539,12.92565,5.960643,20.62039,20.48947,13.97627,12.26408,5.175197,4.631364,29.29966,19.71041,16.37841,8.778446,3.498059,4.142606,10.00622,18.26626,19.89065,8.425723,21.0433,21.41215,28.29499,28.25193,26.95952,14.27277,4.438601,5.882534,35.03932,35.07708,27.79232,25.66965,13.37601,26.65199,52.05437,42.04239,30.13505,14.14623,5.627913,4.515361,82.62033,84.10909,75.48605,62.54588,38.96888,28.64021,93.44981,89.6566,89.8437,74.66277,27.51937,6.555148,25.24642,32.70874,25.72618,18.54575,18.69404,26.78183,52.88004,30.78843,30.08486,22.83121,8.052382,3.733367,18.23716,23.42192,12.28381,5.556147,3.736045,4.820234,26.87054,20.39123,21.76856,12.25573,6.012999,3.417195,24.0595,27.56915,22.75563,13.76881,4.350665,19.38074,37.05324,30.33511,31.02115,13.15128,7.252157,4.768728
114,80.13529,78.55682,61.7531,31.16102,10.0784,4.906752,86.97095,69.7912,57.06422,21.61335,13.22944,4.990295,21.13554,21.20302,14.18964,12.70338,5.203363,4.611917,29.58715,20.11718,16.49191,8.874744,3.440163,3.759227,10.17111,18.24976,21.41406,9.364255,21.04115,21.2732,29.06374,29.13548,27.56044,14.34773,4.339845,5.721488,34.94065,35.75553,27.82774,27.30023,13.79168,26.48813,52.32952,43.59493,30.85199,14.23678,5.667158,4.245262,85.71121,87.72368,78.72226,66.71673,42.44323,29.39729,95.28879,91.71074,92.42188,77.92295,28.65282,6.444872,25.739,33.43385,26.44386,19.80398,18.78564,27.04208,54.48427,31.79453,30.89766,23.38867,8.282457,3.561152,18.81103,24.0531,12.65029,5.959657,3.78155,4.526735,26.8953,20.44528,21.71902,12.21004,6.110451,3.331724,24.36565,28.8073,23.11451,14.33138,4.456828,19.32862,38.24886,31.07853,31.85985,13.1562,7.363145,4.690065
117,82.21268,80.14449,63.54687,33.20079,10.17019,4.638034,88.31542,71.92765,58.46241,22.90407,13.70226,4.68511,21.0754,21.54249,14.28424,12.9334,5.068299,4.527061,29.44907,20.22924,16.99116,8.752936,3.476964,3.422127,10.06067,18.21267,22.5628,9.548672,22.02145,22.89985,30.63388,30.62127,28.53977,14.8828,4.36201,5.067327,34.7698,36.37724,27.92364,28.16082,13.89537,26.3314,53.87488,43.98648,32.01225,14.35073,5.629181,3.758574,88.29487,90.24108,81.61234,69.35972,44.09393,30.52072,96.69488,93.67619,93.94616,80.54659,29.87255,6.370237,26.36613,34.17364,27.44152,20.73348,19.7399,29.12198,55.30952,32.93938,31.56164,23.66955,8.362439,3.562306,19.40513,24.60604,12.82434,6.000525,3.814626,4.413668,27.83619,21.04885,22.53056,12.43757,6.293144,3.313225,25.99345,30.23604,23.78881,14.29464,4.485867,19.31224,39.3619,32.32464,32.7659,13.33596,7.555854,5.17176
120,83.86192,82.2355,65.33791,35.55763,10.63294,5.07622,89.76187,73.3053,60.94509,24.21231,14.21918,4.769084,21.34353,22.00583,14.60556,12.88061,5.10532,4.541243,30.31082,20.35061,17.02194,8.96876,3.637813,3.053499,10.11427,18.20878,24.47983,10.26629,21.53349,22.89527,31.86669,31.27024,29.2844,14.50838,4.338138,4.922687,35.5934,37.12263,28.51405,28.6807,13.88212,26.58745,54.43575,44.70094,32.36406,14.68697,5.662977,3.566077,90.23199,92.5173,85.1935,72.04449,45.89927,31.82187,97.79272,94.80754,95.38637,83.35104,30.94478,6.359895,26.94462,34.8221,28.71601,20.23059,19.77834,28.34854,57.51679,33.52446,33.18265,24.02709,8.504076,3.510822,19.66892,25.43979,13.09998,6.093279,3.869517,4.334784,28.7691,21.08374,22.89175,12.60029,6.410719,3.228256,26.21608,30.85466,25.04531,14.7149,4.491428,19.43501,40.73688,33.12443,33.78684,13.32184,7.563951,5.120283
